INSERT INTO Pin_Code (Pin_Code, City, Area, District, State) VALUES
('395003', 'Surat', 'Nanpura', 'Surat', 'Gujarat'),
('395004', 'Surat', 'Chowk Bazaar', 'Surat', 'Gujarat'),
('395006', 'Surat', 'Athwa Gate', 'Surat', 'Gujarat'),
('395007', 'Surat', 'Abhva', 'Surat', 'Gujarat'),
('395008', 'Surat', 'A. K. Road', 'Surat', 'Gujarat'),
('395009', 'Surat', 'Adajan', 'Surat', 'Gujarat'),
('395010', 'Surat', 'City Light', 'Surat', 'Gujarat'),
('395017', 'Surat', 'Althan', 'Surat', 'Gujarat'),
('395019', 'Surat', 'Vesu', 'Surat', 'Gujarat'),
('395020', 'Surat', 'Piplod', 'Surat', 'Gujarat'),
('395021', 'Surat', 'Udhna', 'Surat', 'Gujarat'),
('395023', 'Surat', 'Dumas', 'Surat', 'Gujarat'),
('395024', 'Surat', 'Sarthana', 'Surat', 'Gujarat'),
('395025', 'Surat', 'Varachha', 'Surat', 'Gujarat'),
('395026', 'Surat', 'Katargam', 'Surat', 'Gujarat');

INSERT INTO Pin_Code (Pin_Code, City, Area, District, State) VALUES
('380001', 'Ahmedabad', 'Navrangpura', 'Ahmedabad', 'Gujarat'),
('380015', 'Ahmedabad', 'Satellite', 'Ahmedabad', 'Gujarat'),
('380054', 'Ahmedabad', 'Thaltej', 'Ahmedabad', 'Gujarat'),
('380058', 'Ahmedabad', 'Gota', 'Ahmedabad', 'Gujarat'),
('380060', 'Ahmedabad', 'Chandkheda', 'Ahmedabad', 'Gujarat'),
('380059', 'Ahmedabad', 'Bopal', 'Ahmedabad', 'Gujarat'),
('380013', 'Ahmedabad', 'Shahibaug', 'Ahmedabad', 'Gujarat'),
('380061', 'Ahmedabad', 'Vastral', 'Ahmedabad', 'Gujarat'),
('380051', 'Ahmedabad', 'Bodakdev', 'Ahmedabad', 'Gujarat'),
('380006', 'Ahmedabad', 'Ambawadi', 'Ahmedabad', 'Gujarat'),
('380007', 'Ahmedabad', 'Paldi', 'Ahmedabad', 'Gujarat'),
('380009', 'Ahmedabad', 'Maninagar', 'Ahmedabad', 'Gujarat'),
('380008', 'Ahmedabad', 'Vasna', 'Ahmedabad', 'Gujarat'),
('380005', 'Ahmedabad', 'Ellis Bridge', 'Ahmedabad', 'Gujarat'),
('380004', 'Ahmedabad', 'Shahpur', 'Ahmedabad', 'Gujarat');

INSERT INTO Municipal_Corporation (Corporation_ID, Name, Contact_Info, Pin_Code) VALUES
(1, 'SMC', 'itman@suratmunicipal.gov.in', '395003'),
(2, 'AMC', 'feedback@ahmedabadcity.gov.in', '380001');

INSERT INTO Water_Source (Water_Source_ID, Type, Status, W_Capacity, Corporation_ID, Pin_Code) VALUES
(1, 'River', 'Active', 360, 1, '395006'),
(2, 'River', 'Active', 240, 1, '395004'),
(3, 'River', 'Active', 200, 1, '395003'),
(4, 'Ground Water', 'Active', 50, 1, '395007'),
(5, 'Ground Water', 'Active', 40, 1, '395009'),
(6, 'River', 'Active', 263, 2, '380001'),
(7, 'River', 'Active', 200, 2, '380015'),
(8, 'Ground Water', 'Active', 60, 2, '380008'),
(9, 'Ground Water', 'Active', 50, 2, '380009'),
(10, 'Ground Water', 'Active', 45, 2, '380013');

INSERT INTO Customer_Type (Customer_Type_ID, Type_Name, Description) VALUES
(1, 'Residential', 'Household water usage'),
(2, 'Commercial', 'Businesses and offices'),
(3, 'Industrial', 'Factories and heavy industry');

INSERT INTO Customer (Customer_ID, Customer_Name, Phone_Number, Connection_Status, Customer_Type_ID, Billing_Cycle, Block_Flat_No, Street, Pin_Code) VALUES
(1, 'Mahesh Patel', '9876543210', 'Active', 1, 'Monthly', 'A-101', 'Nanpura Main Road', '395003'),
(2, 'Priya Shah', '9123456789', 'Active', 1, 'Monthly', 'B-202', 'Timaliyawad', '395003'),
(3, 'Vikram Desai', '9876543220', 'Active', 1, 'Monthly', 'C-303', 'Zampa Bazaar', '395003'),
(4, 'Sneha Mehta', '9876543230', 'Active', 1, 'Monthly', 'D-404', 'Ghod Dod Road', '395003'),
(5, 'Amit Trivedi', '9876543240', 'Active', 1, 'Monthly', 'E-505', 'Dutch Garden', '395003'),
(6, 'Rita Jain', '9876543250', 'Active', 1, 'Monthly', 'F-606', 'Police Line', '395003'),
(7, 'Kunal Sharma', '9876543260', 'Active', 1, 'Monthly', 'G-707', 'Sargam Society', '395003'),
(8, 'Nanpura Stores', '9876543270', 'Active', 2, 'Monthly', 'Shop-1', 'Nanpura Market', '395003'),
(9, 'Elite Cafe', '9876543280', 'Active', 2, 'Monthly', 'H-808', 'Main Bazaar', '395003'),
(10, 'Surat Chemicals', '9876543290', 'Active', 3, 'Quarterly', 'Plot-1', 'Nanpura Ind. Area', '395003'),
(11, 'Anil Vaghela', '9876543300', 'Active', 1, 'Monthly', 'A-101', 'Saiyedpura', '395004'),
(12, 'Meena Patel', '9876543310', 'Active', 1, 'Monthly', 'B-202', 'Chowk Bazaar', '395004'),
(13, 'Sanjay Shah', '9876543320', 'Active', 1, 'Monthly', 'C-303', 'Rani Talav', '395004'),
(14, 'Divya Desai', '9876543330', 'Active', 1, 'Monthly', 'D-404', 'Moti Talkies', '395004'),
(15, 'Rohit Parmar', '9876543340', 'Active', 1, 'Monthly', 'E-505', 'Rustampura', '395004'),
(16, 'Nisha Gupta', '9876543350', 'Inactive', 1, 'Monthly', 'F-606', 'Golkiwad', '395004'),
(17, 'Pravin Rathod', '9876543360', 'Active', 1, 'Monthly', 'G-707', 'Mahidharpura', '395004'),
(18, 'Chowk Mart', '9876543370', 'Active', 2, 'Monthly', 'Shop-1', 'Chowk Market', '395004'),
(19, 'Royal Hotel', '9876543380', 'Active', 2, 'Monthly', 'H-808', 'Saiyedpura', '395004'),
(20, 'Textile Corp', '9876543390', 'Active', 3, 'Quarterly', 'Plot-1', 'Chowk Ind. Area', '395004'),
(21, 'Kiran Mehta', '9876543400', 'Active', 1, 'Monthly', 'A-101', 'Athwa Lines', '395006'),
(22, 'Pooja Shah', '9876543410', 'Active', 1, 'Monthly', 'B-202', 'Ghod Dod', '395006'),
(23, 'Deepak Patel', '9876543420', 'Active', 1, 'Monthly', 'C-303', 'Umra', '395006'),
(24, 'Anjali Nair', '9876543430', 'Active', 1, 'Monthly', 'D-404', 'Parle Point', '395006'),
(25, 'Mayur Desai', '9876543440', 'Active', 1, 'Monthly', 'E-505', 'Sumeru Society', '395006'),
(26, 'Seema Vyas', '9876543450', 'Active', 1, 'Monthly', 'F-606', 'City Light', '395006'),
(27, 'Ravi Parmar', '9876543460', 'Active', 1, 'Monthly', 'G-707', 'Athwa Gate', '395006'),
(28, 'Athwa Supermart', '9876543470', 'Active', 2, 'Monthly', 'Shop-1', 'Athwa Market', '395006'),
(29, 'City Spa', '9876543480', 'Active', 2, 'Monthly', 'H-808', 'Parle Point', '395006'),
(30, 'Steel Works', '9876543490', 'Active', 3, 'Quarterly', 'Plot-1', 'Athwa Ind. Area', '395006'),
(31, 'Harish Solanki', '9876543500', 'Active', 1, 'Monthly', 'A-101', 'Abhva Road', '395007'),
(32, 'Geeta Rana', '9876543510', 'Active', 1, 'Monthly', 'B-202', 'Vesu Canal', '395007'),
(33, 'Mukesh Thakor', '9876543520', 'Active', 1, 'Monthly', 'C-303', 'Magdalla', '395007'),
(34, 'Suman Patel', '9876543530', 'Active', 1, 'Monthly', 'D-404', 'Sultanabad', '395007'),
(35, 'Arjun Vaghela', '9876543540', 'Active', 1, 'Monthly', 'E-505', 'VIP Road', '395007'),
(36, 'Kavita Shah', '9876543550', 'Active', 1, 'Monthly', 'F-606', 'Abhva Village', '395007'),
(37, 'Nikhil Desai', '9876543560', 'Inactive', 1, 'Monthly', 'G-707', 'Dumas Road', '395007'),
(38, 'Abhva Hardware', '9876543570', 'Active', 2, 'Monthly', 'Shop-1', 'Abhva Market', '395007'),
(39, 'Urban Gym', '9876543580', 'Active', 2, 'Monthly', 'H-808', 'Vesu Canal', '395007'),
(40, 'Chem Industries', '9876543590', 'Active', 3, 'Quarterly', 'Plot-1', 'Abhva Ind. Area', '395007'),
(41, 'Alpesh Patel', '9876543600', 'Active', 1, 'Monthly', 'A-101', 'A. K. Road', '395008'),
(42, 'Shalini Gupta', '9876543610', 'Active', 1, 'Monthly', 'B-202', 'Mota Varachha', '395008'),
(43, 'Mahesh Shah', '9876543620', 'Active', 1, 'Monthly', 'C-303', 'Lalgate', '395008'),
(44, 'Rina Desai', '9876543630', 'Active', 1, 'Monthly', 'D-404', 'Kumbharia', '395008'),
(45, 'Sanjay Patel', '9876543640', 'Active', 1, 'Monthly', 'E-505', 'Lambe Hanuman', '395008'),
(46, 'Anita Sharma', '9876543650', 'Active', 1, 'Monthly', 'F-606', 'Sagrampura', '395008'),
(47, 'Vikas Jain', '9876543660', 'Active', 1, 'Monthly', 'G-707', 'Putli Road', '395008'),
(48, 'AK Traders', '9876543670', 'Active', 2, 'Monthly', 'Shop-1', 'AK Market', '395008'),
(49, 'Metro Hotel', '9876543680', 'Active', 2, 'Monthly', 'H-808', 'A. K. Road', '395008'),
(50, 'Textile Ltd', '9876543690', 'Active', 3, 'Quarterly', 'Plot-1', 'AK Ind. Area', '395008'),
(51, 'Kirti Shah', '9876543700', 'Active', 1, 'Monthly', 'A-101', 'Adajan Patiya', '395009'),
(52, 'Nilesh Patel', '9876543710', 'Active', 1, 'Monthly', 'B-202', 'Honey Park', '395009'),
(53, 'Preeti Desai', '9876543720', 'Active', 1, 'Monthly', 'C-303', 'Pal Gam', '395009'),
(54, 'Arvind Thakor', '9876543730', 'Active', 1, 'Monthly', 'D-404', 'Rander Road', '395009'),
(55, 'Swati Rana', '9876543740', 'Active', 1, 'Monthly', 'E-505', 'Green City', '395009'),
(56, 'Manish Vaghela', '9876543750', 'Active', 1, 'Monthly', 'F-606', 'Anand Mahal', '395009'),
(57, 'Rekha Patel', '9876543760', 'Active', 1, 'Monthly', 'G-707', 'Morabhagal', '395009'),
(58, 'Adajan Mart', '9876543770', 'Active', 2, 'Monthly', 'Shop-1', 'Adajan Market', '395009'),
(59, 'Royal Spa', '9876543780', 'Active', 2, 'Monthly', 'H-808', 'Pal Road', '395009'),
(60, 'Steel Corp', '9876543790', 'Active', 3, 'Quarterlyshoz', 'Plot-1', 'Adajan Ind. Area', '395009'),
(61, 'Hitesh Desai', '9876543800', 'Active', 1, 'Monthly', 'A-101', 'City Light Road', '395010'),
(62, 'Sarita Shah', '9876543810', 'Active', 1, 'Monthly', 'B-202', 'Parle Point', '395010'),
(63, 'Jayesh Patel', '9876543820', 'Active', 1, 'Monthly', 'C-303', 'Sumeru Society', '395010'),
(64, 'Kavya Gupta', '9876543830', 'Active', 1, 'Monthly', 'D-404', 'Ghod Dod', '395010'),
(65, 'Rakesh Thakor', '9876543840', 'Active', 1, 'Monthly', 'E-505', 'Umra', '395010'),
(66, 'Neeta Parmar', '9876543850', 'Active', 1, 'Monthly', 'F-606', 'Athwa Lines', '395010'),
(67, 'Vipul Shah', '9876543860', 'Active', 1, 'Monthly', 'G-707', 'City Light', '395010'),
(68, 'Light Stores', '9876543870', 'Active', 2, 'Monthly', 'Shop-1', 'City Light Market', '395010'),
(69, 'Urban Cafe', '9876543880', 'Active', 2, 'Monthly', 'H-808', 'Parle Point', '395010'),
(70, 'Chem Ltd', '9876543890', 'Active', 3, 'Quarterly', 'Plot-1', 'City Light Ind. Area', '395010'),
(71, 'Zainab Shaikh', '9876543900', 'Active', 1, 'Monthly', 'A-101', 'Althan Canal', '395017'),
(72, 'Imran Patel', '9876543910', 'Active', 1, 'Monthly', 'B-202', 'Bhatar Road', '395017'),
(73, 'Ayesha Khan', '9876543920', 'Active', 1, 'Monthly', 'C-303', 'Sunrise Society', '395017'),
(74, 'Salman Ansari', '9876543930', 'Active', 1, 'Monthly', 'D-404', 'Althan Village', '395017'),
(75, 'Farida Pathan', '9876543940', 'Active', 1, 'Monthly', 'E-505', 'VIP Road', '395017'),
(76, 'Asif Shaikh', '9876543950', 'Active', 1, 'Monthly', 'F-606', 'Sarthana Jakat', '395017'),
(77, 'Rehana Patel', '9876543960', 'Active', 1, 'Monthly', 'G-707', 'Althan Tenament', '395017'),
(78, 'Althan Traders', '9876543970', 'Active', 2, 'Monthly', 'Shop-1', 'Althan Market', '395017'),
(79, 'Star Hotel', '9876543980', 'Active', 2, 'Monthly', 'H-808', 'Bhatar Road', '395017'),
(80, 'Heavy Machinery', '9876543990', 'Inactive', 3, 'Quarterly', 'Plot-1', 'Althan Ind. Area', '395017'),
(81, 'Rahul Patel', '9876544000', 'Active', 1, 'Monthly', 'A-101', 'Vesu Main Road', '395019'),
(82, 'Smita Sharma', '9876544010', 'Active', 1, 'Monthly', 'B-202', 'VIP Road', '395019'),
(83, 'Mahesh Desai', '9876544020', 'Active', 1, 'Monthly', 'C-303', 'Sultanabad', '395019'),
(84, 'Preeti Thakor', '9876544030', 'Active', 1, 'Monthly', 'D-404', 'Magdalla', '395019'),
(85, 'Hitesh Shah', '9876544040', 'Active', 1, 'Monthly', 'E-505', 'Abhva Road', '395019'),
(86, 'Sarita Patel', '9876544050', 'Active', 1, 'Monthly', 'F-606', 'Vesu Village', '395019'),
(87, 'Jayesh Vaghela', '9876544060', 'Active', 1, 'Monthly', 'G-707', 'Dumas Road', '395019'),
(88, 'Vesu Mart', '9876544070', 'Active', 2, 'Monthly', 'Shop-1', 'Vesu Market', '395019'),
(89, 'Green Spa', '9876544080', 'Active', 2, 'Monthly', 'H-808', 'VIP Road', '395019'),
(90, 'Tech Industries', '9876544090', 'Active', 3, 'Quarterly', 'Plot-1', 'Vesu Ind. Area', '395019'),
(91, 'Kavya Sharma', '9876544100', 'Active', 1, 'Monthly', 'A-101', 'Piplod Main Road', '395020'),
(92, 'Rakesh Desai', '9876544110', 'Active', 1, 'Monthly', 'B-202', 'SVNIT Campus', '395020'),
(93, 'Neeta Patel', '9876544120', 'Active', 1, 'Monthly', 'C-303', 'Ichchhanath', '395020'),
(94, 'Alpesh Shah', '9876544130', 'Active', 1, 'Monthly', 'D-404', 'Umra', '395020'),
(95, 'Rekha Vaghela', '9876544140', 'Active', 1, 'Monthly', 'E-505', 'Dumas Road', '395020'),
(96, 'Manish Thakor', '9876544150', 'Active', 1, 'Monthly', 'F-606', 'Piplod Village', '395020'),
(97, 'Anita Sharma', '9876544160', 'Active', 1, 'Monthly', 'G-707', 'Sumeru Society', '395020'),
(98, 'Piplod Stores', '9876544170', 'Active', 2, 'Monthly', 'Shop-1', 'Piplod Market', '395020'),
(99, 'Urban Salon', '9876544180', 'Active', 2, 'Monthly', 'H-808', 'Dumas Road', '395020'),
(100, 'Auto Parts Ltd', '9876544190', 'Active', 3, 'Quarterly', 'Plot-1', 'Piplod Ind. Area', '395020'),
(101, 'Kirti Patel', '9876544200', 'Active', 1, 'Monthly', 'A-101', 'Udhna Main Road', '395021'),
(102, 'Nilesh Desai', '9876544210', 'Active', 1, 'Monthly', 'B-202', 'Pandesara', '395021'),
(103, 'Priya Shah', '9876544220', 'Active', 1, 'Monthly', 'C-303', 'Bamroli', '395021'),
(104, 'Mukesh Vaghela', '9876544230', 'Active', 1, 'Monthly', 'D-404', 'Bhestan', '395021'),
(105, 'Suman Sharma', '9876544240', 'Active', 1, 'Monthly', 'E-505', 'Udhna Darwaja', '395021'),
(106, 'Harish Patel', '9876544250', 'Active', 1, 'Monthly', 'F-606', 'Navagam', '395021'),
(107, 'Geeta Desai', '9876544260', 'Inactive', 1, 'Monthly', 'G-707', 'Limbayat', '395021'),
(108, 'Udhna Hardware', '9876544270', 'Active', 2, 'Monthly', 'Shop-1', 'Udhna Market', '395021'),
(109, 'City Gym', '9876544280', 'Active', 2, 'Monthly', 'H-808', 'Pandesara', '395021'),
(110, 'Textile Corp', '9876544290', 'Active', 3, 'Quarterly', 'Plot-1', 'Udhna GIDC', '395021'),
(111, 'Arjun Thakor', '9876544300', 'Active', 1, 'Monthly', 'A-101', 'Dumas Beach', '395023'),
(112, 'Kavita Patel', '9876544310', 'Active', 1, 'Monthly', 'B-202', 'Sultanabad', '395023'),
(113, 'Nikhil Shah', '9876544320', 'Active', 1, 'Monthly', 'C-303', 'Magdalla Port', '395023'),
(114, 'Seema Vaghela', '9876544330', 'Active', 1, 'Monthly', 'D-404', 'Abhva Road', '395023'),
(115, 'Ravi Sharma', '9876544340', 'Active', 1, 'Monthly', 'E-505', 'Dumas Village', '395023'),
(116, 'Mayur Desai', '9876544350', 'Active', 1, 'Monthly', 'F-606', 'VIP Road', '395023'),
(117, 'Anjali Patel', '9876544360', 'Active', 1, 'Monthly', 'G-707', 'Gavier', '395023'),
(118, 'Dumas Mart', '9876544370', 'Active', 2, 'Monthly', 'Shop-1', 'Dumas Market', '395023'),
(119, 'Beach Cafe', '9876544380', 'Active', 2, 'Monthly', 'H-808', 'Dumas Beach', '395023'),
(120, 'Steel Industries', '9876544390', 'Active', 3, 'Quarterly', 'Plot-1', 'Dumas Ind. Area', '395023'),
(121, 'Deepak Shah', '9876544400', 'Active', 1, 'Monthly', 'A-101', 'Sarthana Jakat', '395024'),
(122, 'Pooja Vaghela', '9876544410', 'Active', 1, 'Monthly', 'B-202', 'Simada', '395024'),
(123, 'Vikram Patel', '9876544420', 'Active', 1, 'Monthly', 'C-303', 'Kamrej Road', '395024'),
(124, 'Sneha Desai', '9876544430', 'Active', 1, 'Monthly', 'D-404', 'Nature Park', '395024'),
(125, 'Amit Sharma', '9876544440', 'Active', 1, 'Monthly', 'E-505', 'Sarthana Village', '395024'),
(126, 'Rita Mehta', '9876544450', 'Active', 1, 'Monthly', 'F-606', 'Valak', '395024'),
(127, 'Kunal Jain', '9876544460', 'Active', 1, 'Monthly', 'G-707', 'Diamond Nagar', '395024'),
(128, 'Sarthana Stores', '9876544470', 'Active', 2, 'Monthly', 'Shop-1', 'Sarthana Market', '395024'),
(129, 'Elite Hotel', '9876544480', 'Active', 2, 'Monthly', 'H-808', 'Kamrej Road', '395024'),
(130, 'Surat Textiles', '9876544490', 'Active', 3, 'Quarterly', 'Plot-1', 'Sarthana Ind. Area', '395024'),
(131, 'Mahesh Patel', '9876544500', 'Active', 1, 'Monthly', 'A-101', 'Varachha Main Road', '395025'),
(132, 'Priya Shah', '9876544510', 'Active', 1, 'Monthly', 'B-202', 'Kapodra', '395025'),
(133, 'Vikram Desai', '9876544520', 'Active', 1, 'Monthly', 'C-303', 'Hirabaug', '395025'),
(134, 'Sneha Mehta', '9876544530', 'Active', 1, 'Monthly', 'D-404', 'Mota Varachha', '395025'),
(135, 'Amit Trivedi', '9876544540', 'Active', 1, 'Monthly', 'E-505', 'Puna Gam', '395025'),
(136, 'Rita Jain', '9876544550', 'Active', 1, 'Monthly', 'F-606', 'Yogi Chowk', '395025'),
(137, 'Kunal Sharma', '9876544560', 'Inactive', 1, 'Monthly', 'G-707', 'Nana Varachha', '395025'),
(138, 'Varachha Mart', '9876544570', 'Active', 2, 'Monthly', 'Shop-1', 'Varachha Market', '395025'),
(139, 'City Cafe', '9876544580', 'Active', 2, 'Monthly', 'H-808', 'Kapodra', '395025'),
(140, 'Diamond Industries', '9876544590', 'Active', 3, 'Quarterly', 'Plot-1', 'Varachha Ind. Area', '395025'),
(141, 'Anil Vaghela', '9876544600', 'Active', 1, 'Monthly', 'A-101', 'Katargam Main Road', '395026'),
(142, 'Meena Patel', '9876544610', 'Active', 1, 'Monthly', 'B-202', 'Ved Road', '395026'),
(143, 'Sanjay Shah', '9876544620', 'Active', 1, 'Monthly', 'C-303', 'Gotalawadi', '395026'),
(144, 'Divya Desai', '9876544630', 'Active', 1, 'Monthly', 'D-404', 'Singanpore', '395026'),
(145, 'Rohit Parmar', '9876544640', 'Active', 1, 'Monthly', 'E-505', 'Dabholi', '395026'),
(146, 'Nisha Gupta', '9876544650', 'Active', 1, 'Monthly', 'F-606', 'Lal Darwaja', '395026'),
(147, 'Pravin Rathod', '9876544660', 'Active', 1, 'Monthly', 'G-707', 'Kapodra', '395026'),
(148, 'Katargam Stores', '9876544670', 'Active', 2, 'Monthly', 'Shop-1', 'Katargam Market', '395026'),
(149, 'Royal Hotel', '9876544680', 'Active', 2, 'Monthly', 'H-808', 'Ved Road', '395026'),
(150, 'Textile Corp', '9876544690', 'Active', 3, 'Quarterly', 'Plot-1', 'Katargam GIDC', '395026'),
(151, 'Kiran Mehta', '9876544700', 'Active', 1, 'Monthly', 'A-101', 'CG Road', '380001'),
(152, 'Pooja Shah', '9876544710', 'Active', 1, 'Monthly', 'B-202', 'Navrangpura', '380001'),
(153, 'Deepak Patel', '9876544720', 'Active', 1, 'Monthly', 'C-303', 'Mithakhali', '380001'),
(154, 'Anjali Nair', '9876544730', 'Active', 1, 'Monthly', 'D-404', 'Law Garden', '380001'),
(155, 'Mayur Desai', '9876544740', 'Active', 1, 'Monthly', 'E-505', 'Panchvati', '380001'),
(156, 'Seema Vyas', '9876544750', 'Active', 1, 'Monthly', 'F-606', 'Usmanpura', '380001'),
(157, 'Ravi Parmar', '9876544760', 'Active', 1, 'Monthly', 'G-707', 'Vijay Cross', '380001'),
(158, 'Navrang Mart', '9876544770', 'Active', 2, 'Monthly', 'Shop-1', 'CG Road Market', '380001'),
(159, 'City Spa', '9876544780', 'Active', 2, 'Monthly', 'H-808', 'Navrangpura', '380001'),
(160, 'Tech Industries', '9876544790', 'Active', 3, 'Quarterly', 'Plot-1', 'Navrang Ind. Area', '380001'),
(161, 'Harish Solanki', '9876544800', 'Active', 1, 'Monthly', 'A-101', 'Satellite Road', '380015'),
(162, 'Geeta Rana', '9876544810', 'Active', 1, 'Monthly', 'B-202', 'Judges Bungalow', '380015'),
(163, 'Mukesh Thakor', '9876544820', 'Active', 1, 'Monthly', 'C-303', 'Prahladnagar', '380015'),
(164, 'Suman Patel', '9876544830', 'Active', 1, 'Monthly', 'D-404', 'Vejalpur', '380015'),
(165, 'Arjun Vaghela', '9876544840', 'Active', 1, 'Monthly', 'E-505', 'Jodhpur', '380015'),
(166, 'Kavita Shah', '9876544850', 'Active', 1, 'Monthly', 'F-606', 'Shivranjani', '380015'),
(167, 'Nikhil Desai', '9876544860', 'Active', 1, 'Monthly', 'G-707', 'Nehrunagar', '380015'),
(168, 'Satellite Mart', '9876544870', 'Active', 2, 'Monthly', 'Shop-1', 'Satellite Market', '380015'),
(169, 'Urban Cafe', '9876544880', 'Active', 2, 'Monthly', 'H-808', 'Prahladnagar', '380015'),
(170, 'Chem Industries', '9876544890', 'Active', 3, 'Quarterly', 'Plot-1', 'Satellite Ind. Area', '380015'),
(171, 'Alpesh Patel', '9876544900', 'Active', 1, 'Monthly', 'A-101', 'Thaltej Road', '380054'),
(172, 'Shalini Gupta', '9876544910', 'Active', 1, 'Monthly', 'B-202', 'SG Highway', '380054'),
(173, 'Mahesh Shah', '9876544920', 'Active', 1, 'Monthly', 'C-303', 'Hebatpur', '380054'),
(174, 'Rina Desai', '9876544930', 'Active', 1, 'Monthly', 'D-404', 'Shilaj', '380054'),
(175, 'Sanjay Patel', '9876544940', 'Active', 1, 'Monthly', 'E-505', 'Sindhu Bhavan', '380054'),
(176, 'Anita Sharma', '9876544950', 'Active', 1, 'Monthly', 'F-606', 'Thaltej Village', '380054'),
(177, 'Vikas Jain', '9876544960', 'Inactive', 1, 'Monthly', 'G-707', 'Science City', '380054'),
(178, 'Thaltej Stores', '9876544970', 'Active', 2, 'Monthly', 'Shop-1', 'Thaltej Market', '380054'),
(179, 'Metro Hotel', '9876544980', 'Active', 2, 'Monthly', 'H-808', 'SG Highway', '380054'),
(180, 'Textile Ltd', '9876544990', 'Active', 3, 'Quarterly', 'Plot-1', 'Thaltej Ind. Area', '380054'),
(181, 'Kirti Shah', '9876545000', 'Active', 1, 'Monthly', 'A-101', 'Gota Road', '380058'),
(182, 'Nilesh Patel', '9876545010', 'Active', 1, 'Monthly', 'B-202', 'Vandematram', '380058'),
(183, 'Preeti Desai', '9876545020', 'Active', 1, 'Monthly', 'C-303', 'Jagatpur', '380058'),
(184, 'Arvind Thakor', '9876545030', 'Active', 1, 'Monthly', 'D-404', 'Godrej Garden', '380058'),
(185, 'Swati Rana', '9876545040', 'Active', 1, 'Monthly', 'E-505', 'Gota Village', '380058'),
(186, 'Manish Vaghela', '9876545050', 'Active', 1, 'Monthly', 'F-606', 'Chenpur', '380058'),
(187, 'Rekha Patel', '9876545060', 'Active', 1, 'Monthly', 'G-707', 'Khodiyar Nagar', '380058'),
(188, 'Gota Mart', '9876545070', 'Active', 2, 'Monthly', 'Shop-1', 'Gota Market', '380058'),
(189, 'Royal Spa', '9876545080', 'Active', 2, 'Monthly', 'H-808', 'Vandematram', '380058'),
(190, 'Steel Corp', '9876545090', 'Active', 3, 'Quarterly', 'Plot-1', 'Gota Ind. Area', '380058'),
(191, 'Hitesh Desai', '9876545100', 'Active', 1, 'Monthly', 'A-101', 'New CG Road', '380060'),
(192, 'Sarita Shah', '9876545110', 'Active', 1, 'Monthly', 'B-202', 'IOC Road', '380060'),
(193, 'Jayesh Patel', '9876545120', 'Active', 1, 'Monthly', 'C-303', 'Tapkeshwar', '380060'),
(194, 'Kavya Gupta', '9876545130', 'Active', 1, 'Monthly', 'D-404', 'Chandkheda Village', '380060'),
(195, 'Rakesh Thakor', '9876545140', 'Active', 1, 'Monthly', 'E-505', 'ONGC Colony', '380060'),
(196, 'Neeta Parmar', '9876545150', 'Active', 1, 'Monthly', 'F-606', 'Tragad', '380060'),
(197, 'Vipul Shah', '9876545160', 'Active', 1, 'Monthly', 'G-707', 'Vaishnodevi', '380060'),
(198, 'Chandkheda Stores', '9876545170', 'Active', 2, 'Monthly', 'Shop-1', 'Chandkheda Market', '380060'),
(199, 'Urban Cafe', '9876545180', 'Active', 2, 'Monthly', 'H-808', 'New CG Road', '380060'),
(200, 'Chem Ltd', '9876545190', 'Active', 3, 'Quarterly', 'Plot-1', 'Chandkheda Ind. Area', '380060'),
(201, 'Zainab Shaikh', '9876545200', 'Active', 1, 'Monthly', 'A-101', 'Bopal Main Road', '380059'),
(202, 'Imran Patel', '9876545210', 'Active', 1, 'Monthly', 'B-202', 'South Bopal', '380059'),
(203, 'Ayesha Khan', '9876545220', 'Active', 1, 'Monthly', 'C-303', 'Ghumma', '380059'),
(204, 'Salman Ansari', '9876545230', 'Active', 1, 'Monthly', 'D-404', 'Sun City', '380059'),
(205, 'Farida Pathan', '9876545240', 'Active', 1, 'Monthly', 'E-505', 'Bopal Village', '380059'),
(206, 'Asif Shaikh', '9876545250', 'Active', 1, 'Monthly', 'F-606', 'Applewoods', '380059'),
(207, 'Rehana Patel', '9876545260', 'Active', 1, 'Monthly', 'G-707', 'Saffron Heights', '380059'),
(208, 'Bopal Traders', '9876545270', 'Active', 2, 'Monthly', 'Shop-1', 'Bopal Market', '380059'),
(209, 'Star Hotel', '9876545280', 'Active', 2, 'Monthly', 'H-808', 'South Bopal', '380059'),
(210, 'Heavy Machinery', '9876545290', 'Inactive', 3, 'Quarterly', 'Plot-1', 'Bopal Ind. Area', '380059'),
(211, 'Rahul Patel', '9876545300', 'Active', 1, 'Monthly', 'A-101', 'Shahibaug Road', '380013'),
(212, 'Smita Sharma', '9876545310', 'Active', 1, 'Monthly', 'B-202', 'Camp Road', '380013'),
(213, 'Mahesh Desai', '9876545320', 'Active', 1, 'Monthly', 'C-303', 'Dafnala', '380013'),
(214, 'Preeti Thakor', '9876545330', 'Active', 1, 'Monthly', 'D-404', 'Girdharnagar', '380013'),
(215, 'Hitesh Shah', '9876545340', 'Active', 1, 'Monthly', 'E-505', 'Civil Hospital', '380013'),
(216, 'Sarita Patel', '9876545350', 'Active', 1, 'Monthly', 'F-606', 'Shahibaug Village', '380013'),
(217, 'Jayesh Vaghela', '9876545360', 'Active', 1, 'Monthly', 'G-707', 'RTO Circle', '380013'),
(218, 'Shahibaug Mart', '9876545370', 'Active', 2, 'Monthly', 'Shop-1', 'Shahibaug Market', '380013'),
(219, 'Green Spa', '9876545380', 'Active', 2, 'Monthly', 'H-808', 'Camp Road', '380013'),
(220, 'Tech Industries', '9876545390', 'Active', 3, 'Quarterly', 'Plot-1', 'Shahibaug Ind. Area', '380013'),
(221, 'Kavya Sharma', '9876545400', 'Active', 1, 'Monthly', 'A-101', 'Vastral Road', '380061'),
(222, 'Rakesh Desai', '9876545410', 'Active', 1, 'Monthly', 'B-202', 'Mahadev Nagar', '380061'),
(223, 'Neeta Patel', '9876545420', 'Active', 1, 'Monthly', 'C-303', 'Ramol', '380061'),
(224, 'Alpesh Shah', '9876545430', 'Active', 1, 'Monthly', 'D-404', 'Hathijan', '380061'),
(225, 'Rekha Vaghela', '9876545440', 'Active', 1, 'Monthly', 'E-505', 'Vastral Village', '380061'),
(226, 'Manish Thakor', '9876545450', 'Active', 1, 'Monthly', 'F-606', 'Odhav Road', '380061'),
(227, 'Anita Sharma', '9876545460', 'Active', 1, 'Monthly', 'G-707', 'Metro Station', '380061'),
(228, 'Vastral Stores', '9876545470', 'Active', 2, 'Monthly', 'Shop-1', 'Vastral Market', '380061'),
(229, 'Urban Salon', '9876545480', 'Active', 2, 'Monthly', 'H-808', 'Ramol', '380061'),
(230, 'Auto Parts Ltd', '9876545490', 'Active', 3, 'Quarterly', 'Plot-1', 'Vastral Ind. Area', '380061'),
(231, 'Kirti Patel', '9876545500', 'Active', 1, 'Monthly', 'A-101', 'Judges Bungalow', '380051'),
(232, 'Nilesh Desai', '9876545510', 'Active', 1, 'Monthly', 'B-202', 'SG Highway', '380051'),
(233, 'Priya Shah', '9876545520', 'Active', 1, 'Monthly', 'C-303', 'Thaltej', '380051'),
(234, 'Mukesh Vaghela', '9876545530', 'Active', 1, 'Monthly', 'D-404', 'Sindhu Bhavan', '380051'),
(235, 'Suman Sharma', '9876545540', 'Active', 1, 'Monthly', 'E-505', 'Bodakdev Village', '380051'),
(236, 'Harish Patel', '9876545550', 'Active', 1, 'Monthly', 'F-606', 'Science City', '380051'),
(237, 'Geeta Desai', '9876545560', 'Active', 1, 'Monthly', 'G-707', 'Sola Road', '380051'),
(238, 'Bodakdev Mart', '9876545570', 'Active', 2, 'Monthly', 'Shop-1', 'Bodakdev Market', '380051'),
(239, 'City Cafe', '9876545580', 'Active', 2, 'Monthly', 'H-808', 'SG Highway', '380051'),
(240, 'Textile Corp', '9876545590', 'Active', 3, 'Quarterly', 'Plot-1', 'Bodakdev Ind. Area', '380051'),
(241, 'Arjun Thakor', '9876545600', 'Active', 1, 'Monthly', 'A-101', 'Ambawadi Road', '380006'),
(242, 'Kavita Patel', '9876545610', 'Active', 1, 'Monthly', 'B-202', 'Panchvati', '380006'),
(243, 'Nikhil Shah', '9876545620', 'Active', 1, 'Monthly', 'C-303', 'Law Garden', '380006'),
(244, 'Seema Vaghela', '9876545630', 'Active', 1, 'Monthly', 'D-404', 'Mithakhali', '380006'),
(245, 'Ravi Sharma', '9876545640', 'Active', 1, 'Monthly', 'E-505', 'Ambawadi Village', '380006'),
(246, 'Mayur Desai', '9876545650', 'Active', 1, 'Monthly', 'F-606', 'CG Road', '380006'),
(247, 'Anjali Patel', '9876545660', 'Inactive', 1, 'Monthly', 'G-707', 'Navrangpura', '380006'),
(248, 'Ambawadi Stores', '9876545670', 'Active', 2, 'Monthly', 'Shop-1', 'Ambawadi Market', '380006'),
(249, 'Royal Hotel', '9876545680', 'Active', 2, 'Monthly', 'H-808', 'Panchvati', '380006'),
(250, 'Steel Industries', '9876545690', 'Active', 3, 'Quarterly', 'Plot-1', 'Ambawadi Ind. Area', '380006'),
(251, 'Deepak Shah', '9876545700', 'Active', 1, 'Monthly', 'A-101', 'Paldi Road', '380007'),
(252, 'Pooja Vaghela', '9876545710', 'Active', 1, 'Monthly', 'B-202', 'Kochrab', '380007'),
(253, 'Vikram Patel', '9876545720', 'Active', 1, 'Monthly', 'C-303', 'Ankur Road', '380007'),
(254, 'Sneha Desai', '9876545730', 'Active', 1, 'Monthly', 'D-404', 'Mahalaxmi', '380007'),
(255, 'Amit Sharma', '9876545740', 'Active', 1, 'Monthly', 'E-505', 'Paldi Village', '380007'),
(256, 'Rita Mehta', '9876545750', 'Active', 1, 'Monthly', 'F-606', 'Bhatta', '380007'),
(257, 'Kunal Jain', '9876545760', 'Active', 1, 'Monthly', 'G-707', 'Rajiv Nagar', '380007'),
(258, 'Paldi Mart', '9876545770', 'Active', 2, 'Monthly', 'Shop-1', 'Paldi Market', '380007'),
(259, 'Elite Hotel', '9876545780', 'Active', 2, 'Monthly', 'H-808', 'Kochrab', '380007'),
(260, 'Surat Textiles', '9876545790', 'Active', 3, 'Quarterly', 'Plot-1', 'Paldi Ind. Area', '380007'),
(261, 'Mahesh Patel', '9876545800', 'Active', 1, 'Monthly', 'A-101', 'Maninagar Road', '380009'),
(262, 'Priya Shah', '9876545810', 'Active', 1, 'Monthly', 'B-202', 'Kankaria', '380009'),
(263, 'Vikram Desai', '9876545820', 'Active', 1, 'Monthly', 'C-303', 'Rambaug', '380009'),
(264, 'Sneha Mehta', '9876545830', 'Active', 1, 'Monthly', 'D-404', 'Lal Darwaja', '380009'),
(265, 'Amit Trivedi', '9876545840', 'Active', 1, 'Monthly', 'E-505', 'Maninagar Village', '380009'),
(266, 'Rita Jain', '9876545850', 'Active', 1, 'Monthly', 'F-606', 'Isanpur', '380009'),
(267, 'Kunal Sharma', '9876545860', 'Active', 1, 'Monthly', 'G-707', 'Khokhra', '380009'),
(268, 'Maninagar Stores', '9876545870', 'Active', 2, 'Monthly', 'Shop-1', 'Maninagar Market', '380009'),
(269, 'City Cafe', '9876545880', 'Active', 2, 'Monthly', 'H-808', 'Kankaria', '380009'),
(270, 'Diamond Industries', '9876545890', 'Active', 3, 'Quarterly', 'Plot-1', 'Maninagar Ind. Area', '380009'),
(271, 'Anil Vaghela', '9876545900', 'Active', 1, 'Monthly', 'A-101', 'Vasna Road', '380008'),
(272, 'Meena Patel', '9876545910', 'Active', 1, 'Monthly', 'B-202', 'Fatehpura', '380008'),
(273, 'Sanjay Shah', '9876545920', 'Active', 1, 'Monthly', 'C-303', 'Ankur', '380008'),
(274, 'Divya Desai', '9876545930', 'Active', 1, 'Monthly', 'D-404', 'Paldi', '380008'),
(275, 'Rohit Parmar', '9876545940', 'Active', 1, 'Monthly', 'E-505', 'Vasna Village', '380008'),
(276, 'Nisha Gupta', '9876545950', 'Active', 1, 'Monthly', 'F-606', 'Bhatta', '380008'),
(277, 'Pravin Rathod', '9876545960', 'Active', 1, 'Monthly', 'G-707', 'Sarkhej Road', '380008'),
(278, 'Vasna Mart', '9876545970', 'Active', 2, 'Monthly', 'Shop-1', 'Vasna Market', '380008'),
(279, 'Royal Hotel', '9876545980', 'Active', 2, 'Monthly', 'H-808', 'Fatehpura', '380008'),
(280, 'Textile Corp', '9876545990', 'Active', 3, 'Quarterly', 'Plot-1', 'Vasna Ind. Area', '380008'),
(281, 'Kiran Mehta', '9876546000', 'Active', 1, 'Monthly', 'A-101', 'Ashram Road', '380005'),
(282, 'Pooja Shah', '9876546010', 'Active', 1, 'Monthly', 'B-202', 'Ellis Bridge', '380005'),
(283, 'Deepak Patel', '9876546020', 'Active', 1, 'Monthly', 'C-303', 'Pritamnagar', '380005'),
(284, 'Anjali Nair', '9876546030', 'Active', 1, 'Monthly', 'D-404', 'Gulbai Tekra', '380005'),
(285, 'Mayur Desai', '9876546040', 'Active', 1, 'Monthly', 'E-505', 'Law Garden', '380005'),
(286, 'Seema Vyas', '9876546050', 'Active', 1, 'Monthly', 'F-606', 'Mithakhali', '380005'),
(287, 'Ravi Parmar', '9876546060', 'Active', 1, 'Monthly', 'G-707', 'Panchvati', '380005'),
(288, 'Ellis Mart', '9876546070', 'Active', 2, 'Monthly', 'Shop-1', 'Ashram Road Market', '380005'),
(289, 'City Spa', '9876546080', 'Active', 2, 'Monthly', 'H-808', 'Ellis Bridge', '380005'),
(290, 'Tech Industries', '9876546090', 'Active', 3, 'Quarterly', 'Plot-1', 'Ellis Ind. Area', '380005'),
(291, 'Harish Solanki', '9876546100', 'Active', 1, 'Monthly', 'A-101', 'Shahpur Road', '380004'),
(292, 'Geeta Rana', '9876546110', 'Active', 1, 'Monthly', 'B-202', 'Dariapur', '380004'),
(293, 'Mukesh Thakor', '9876546120', 'Active', 1, 'Monthly', 'C-303', 'Kalupur', '380004'),
(294, 'Suman Patel', '9876546130', 'Active', 1, 'Monthly', 'D-404', 'Relief Road', '380004'),
(295, 'Arjun Vaghela', '9876546140', 'Active', 1, 'Monthly', 'E-505', 'Shahpur Village', '380004'),
(296, 'Kavita Shah', '9876546150', 'Active', 1, 'Monthly', 'F-606', 'Gandhi Road', '380004'),
(297, 'Nikhil Desai', '9876546160', 'Inactive', 1, 'Monthly', 'G-707', 'Sarangpur', '380004'),
(298, 'Shahpur Mart', '9876546170', 'Active', 2, 'Monthly', 'Shop-1', 'Shahpur Market', '380004'),
(299, 'Urban Cafe', '9876546180', 'Active', 2, 'Monthly', 'H-808', 'Dariapur', '380004'),
(300, 'Chem Industries', '9876546190', 'Active', 3, 'Quarterly', 'Plot-1', 'Shahpur Ind. Area', '380004');

UPDATE Customer SET Feedback = 'Water pressure is low in the mornings. Please resolve soon.' WHERE Customer_ID = 2;
UPDATE Customer SET Feedback = 'Supply has been consistent, very satisfied with the service.' WHERE Customer_ID = 8;
UPDATE Customer SET Feedback = 'Frequent water cuts without notice are frustrating.' WHERE Customer_ID = 15;
UPDATE Customer SET Feedback = 'Billing process was smooth and accurate.' WHERE Customer_ID = 20;
UPDATE Customer SET Feedback = 'Leakage reported two weeks ago, still not fixed.' WHERE Customer_ID = 290;
UPDATE Customer SET Feedback = 'Appreciate the prompt support on last complaint.' WHERE Customer_ID = 281;
UPDATE Customer SET Feedback = 'Water quality has improved noticeably this month.' WHERE Customer_ID = 299;


INSERT INTO Water_Rate (Rate_ID, Customer_Type_ID, Rate_Start_Date, Rate_End_Date, Corporation_ID, Water_Rate) VALUES
(1, 1, '2024-01-01', '2024-12-31', 1, 13.78), 
(2, 2, '2024-01-01', '2024-12-31', 1, 23.75), 
(3, 3, '2024-01-01', '2024-12-31', 1, 37.05), 
(4, 1, '2024-01-01', '2024-12-31', 2, 10.93), 
(5, 2, '2024-01-01', '2024-12-31', 2, 19.00), 
(6, 3, '2024-01-01', '2024-12-31', 2, 31.35), 
(7, 1, '2025-04-12', '2025-12-31', 1, 14.50),        
(8, 2, '2025-04-12', '2025-12-31', 1, 25.00),        
(9, 3, '2025-04-12', '2025-12-31', 1, 39.00),        
(10, 1, '2025-04-12', '2025-12-31', 2, 11.50),       
(11, 2, '2025-04-12', '2025-12-31', 2, 20.00),       
(12, 3, '2025-04-12', '2025-12-31', 2, 33.00);

INSERT INTO Purification_Plant (Plant_ID, Plant_Type, P_Capacity, Pin_Code) VALUES
(1, 'Multi-Stage Filtration', 147000000, '395024'),
(2, 'Reverse Osmosis', 168000000, '395026'),
(3, 'Multi-Stage Filtration', 105000000, '395003'),
(4, 'Tertiary Treatment', 80000000, '395021'),
(5, 'Reverse Osmosis', 315000000, '380013'),
(6, 'Tertiary Treatment', 424000000, '380061'),
(7, 'Multi-Stage Filtration', 105000000, '380058'),
(8, 'Ultrafiltration', 60000000, '380015');
										
INSERT INTO Purifies (Plant_ID, Water_Source_ID, Before_WQI, After_WQI) VALUES
(3, 1, 62.50, 92.80), 
(2, 2, 60.70, 91.50), 
(3, 3, 63.20, 92.30), 
(4, 4, 70.10, 88.90), 
(4, 5, 71.30, 89.20),
(5, 6, 65.80, 93.70), 
(8, 7, 66.40, 90.50),
(6, 8, 72.60, 87.80),
(6, 9, 73.20, 88.10), 
(5, 10, 71.80, 93.20);

INSERT INTO Water_Reservoir (Reservoir_ID, R_Capacity, Status, Water_Level, Pin_Code, Plant_ID) VALUES
(1, 30000000, 'Active', 24000000.00, '395003', 3),
(2, 40000000, 'Active', 32000000.00, '395026', 2),
(3, 25000000, 'Active', 18000000.00, '395024', 1),
(4, 20000000, 'Maintenance', 10000000.00, '395021', 4),
(5, 60000000, 'Active', 48000000.00, '380013', 5),
(6, 80000000, 'Active', 64000000.00, '380015', 8),
(7, 40000000, 'Active', 30000000.00, '380058', 7),
(8, 50000000, 'Active', 35000000.00, '380061', 6);

INSERT INTO Water_Distribution_Station (Station_ID, S_Capacity, Number_Of_Meters, Reservoir_ID, Water_Level, Pin_Code) VALUES
(1, 12000000, 1000, 1, 7200000.00, '395003'),
(2, 10000000, 800, 1, 5000000.00, '395006'),
(3, 15000000, 1200, 2, 10500000.00, '395026'),
(4, 12000000, 900, 2, 7200000.00, '395004'),
(5, 10000000, 700, 2, 6000000.00, '395009'),
(6, 9000000, 600, 3, 4500000.00, '395024'),
(7, 8000000, 500, 3, 3200000.00, '395010'),
(8, 7000000, 400, 4, 2800000.00, '395021'),
(9, 6000000, 300, 4, 2400000.00, '395007'),
(10, 12000000, 800, 1, 7200000.00, '395003'),
(11, 20000000, 2000, 5, 12000000.00, '380013'),
(12, 18000000, 1800, 5, 10800000.00, '380001'),
(13, 15000000, 1500, 5, 9000000.00, '380009'),
(14, 25000000, 2500, 6, 17500000.00, '380015'),
(15, 20000000, 2000, 6, 12000000.00, '380051'),
(16, 18000000, 1800, 6, 10800000.00, '380008'),
(17, 15000000, 1500, 7, 9000000.00, '380058'),
(18, 12000000, 1200, 7, 7200000.00, '380013'),
(19, 18000000, 1800, 8, 10800000.00, '380061'),
(20, 15000000, 1500, 8, 9000000.00, '380009');

INSERT INTO Maintainence_Team (Team_ID, Team_Type) VALUES
(1, 'Pipeline Maintenance'),
(2, 'Pump Maintenance'),
(3, 'Reservoir Maintenance'),
(4, 'Meter Maintenance'),
(5, 'General Maintenance'),
(6, 'Pipeline Maintenance'),
(7, 'Pump Maintenance'),
(8, 'Electrical Maintenance'),
(9, 'Meter Maintenance'),
(10, 'General Maintenance');

INSERT INTO Maintenance_Schedule (Maintenance_ID, Maintenance_Type, Status, Date, Start_Time, End_Time, Reservoir_ID, Team_ID) VALUES
(1, 'Reservoir Cleaning', 'Scheduled', '2025-04-15', '08:00:00', '14:00:00', 1, 3),
(2, 'Pump Repair', 'In Progress', '2025-04-16', '09:00:00', '13:00:00', 2, 2),
(3, 'Pipeline Repair', 'Completed', '2025-04-13', '07:00:00', '11:00:00', 3, 1),
(4, 'General Inspection', 'Scheduled', '2025-04-20', '10:00:00', '14:00:00', 4, 5),
(5, 'Reservoir Cleaning', 'Scheduled', '2025-04-22', '08:00:00', '14:00:00', 2, 3),
(6, 'Pipeline Repair', 'In Progress', '2025-04-18', '09:00:00', '12:00:00', 1, 1),
(7, 'Electrical Check', 'Scheduled', '2025-04-25', '08:00:00', '12:00:00', 5, 8),
(8, 'Pump Repair', 'Completed', '2025-04-14', '07:00:00', '11:00:00', 6, 7),
(9, 'General Inspection', 'Scheduled', '2025-04-28', '10:00:00', '14:00:00', 7, 10),
(10, 'Reservoir Cleaning', 'In Progress', '2025-04-17', '08:00:00', '14:00:00', 8, 3),
(11, 'Pipeline Repair', 'Scheduled', '2025-04-30', '09:00:00', '13:00:00', 6, 6),
(12, 'Electrical Check', 'Scheduled', '2025-05-02', '08:00:00', '12:00:00', 5, 8);

INSERT INTO Outage (Outage_ID, Outage_Type, Status, Cause, Start_Date_Time, End_Date_Time, Maintenance_ID) VALUES
(1, 'Planned Maintenance', 'Scheduled', 'Reservoir cleaning downtime', '2025-04-15 08:00:00', '2025-04-15 14:00:00', 1),
(2, 'Planned Maintenance', 'Active', 'Pump repair disruption', '2025-04-16 09:00:00', '2025-04-16 13:00:00', 2),
(3, 'Planned Maintenance', 'Resolved', 'Pipeline repair outage', '2025-04-13 07:00:00', '2025-04-13 11:00:00', 3),
(4, 'Unplanned Disruption', 'Active', 'Unplanned pipe burst', '2025-04-19 06:00:00', '2025-04-19 14:00:00', NULL),
(5, 'Planned Maintenance', 'Scheduled', 'Reservoir cleaning downtime', '2025-04-22 08:00:00', '2025-04-22 14:00:00', 5),
(6, 'Planned Maintenance', 'Scheduled', 'Electrical system check', '2025-04-25 08:00:00', '2025-04-25 12:00:00', 7),
(7, 'Planned Maintenance', 'Resolved', 'Pump repair disruption', '2025-04-14 07:00:00', '2025-04-14 11:00:00', 8),
(8, 'Unplanned Disruption', 'Active', 'Power supply failure', '2025-04-20 05:00:00', '2025-04-20 13:00:00', NULL),
(9, 'Planned Maintenance', 'Scheduled', 'Reservoir cleaning downtime', '2025-04-17 08:00:00', '2025-04-17 14:00:00', 10),
(10, 'Planned Maintenance', 'Scheduled', 'Pipeline repair outage', '2025-04-30 09:00:00', '2025-04-30 13:00:00', 11);

INSERT INTO Affect_Area (Affected_Area_ID, Area_Type, Pin_Code, Outage_ID) VALUES
(1, 'Residential', '395003', 1),
(2, 'Mixed', '395006', 1),
(3, 'Residential', '395026', 2),
(4, 'Commercial', '395004', 2),
(5, 'Residential', '395024', 3),
(6, 'Mixed', '395009', 3),
(7, 'Industrial', '395021', 4),
(8, 'Residential', '395007', 4),
(9, 'Residential', '395026', 5),
(10, 'Mixed', '395004', 5),
(11, 'Commercial', '380013', 6),
(12, 'Residential', '380001', 6),
(13, 'Mixed', '380015', 7),
(14, 'Residential', '380051', 7),
(15, 'Commercial', '380009', 8),
(16, 'Residential', '380008', 8),
(17, 'Residential', '380061', 9),
(18, 'Mixed', '380058', 9),
(19, 'Residential', '380015', 10),
(20, 'Commercial', '380051', 10);

INSERT INTO Meter (Meter_ID, Customer_ID, Station_ID, Current_Reading, Status, Installation_Date, Last_Reading_Date) VALUES
(1, 1, 1, 120.50, 'Active', '2022-06-15', '2025-04-05'),
(2, 2, 1, 130.20, 'Active', '2021-09-10', '2025-04-08'),
(3, 3, 10, 115.80, 'Active', '2023-03-20', '2025-04-10'),
(4, 4, 1, 95.30, 'Active', '2022-11-05', '2025-04-07'),
(5, 5, 10, 110.40, 'Active', '2021-07-12', '2025-04-06'),
(6, 6, 1, 125.60, 'Active', '2023-01-15', '2025-04-09'),
(7, 7, 10, 100.90, 'Active', '2022-04-22', '2025-04-04'),
(8, 8, 1, 850.75, 'Active', '2021-10-30', '2025-04-02'),
(9, 9, 10, 780.90, 'Active', '2020-08-05', '2025-04-03'),
(10, 10, 1, 3200.20, 'Active', '2020-12-01', '2025-04-01'),
(11, 11, 4, 105.20, 'Active', '2022-05-18', '2025-04-05'),
(12, 12, 4, 110.30, 'Active', '2021-11-25', '2025-04-08'),
(13, 13, 4, 95.40, 'Active', '2023-02-10', '2025-04-10'),
(14, 14, 4, 120.70, 'Active', '2022-12-01', '2025-04-07'),
(15, 15, 4, 115.60, 'Active', '2021-08-20', '2025-04-06'),
(16, 16, 4, 100.80, 'Inactive', '2023-03-05', '2025-03-15'),
(17, 17, 4, 125.90, 'Active', '2022-06-12', '2025-04-04'),
(18, 18, 4, 900.50, 'Active', '2021-09-15', '2025-04-02'),
(19, 19, 4, 820.70, 'Active', '2020-11-10', '2025-04-03'),
(20, 20, 4, 3400.80, 'Active', '2020-09-15', '2025-04-01'),
(21, 21, 2, 130.25, 'Active', '2022-07-10', '2025-04-06'),
(22, 22, 2, 115.80, 'Active', '2021-12-05', '2025-04-09'),
(23, 23, 2, 120.40, 'Active', '2023-04-15', '2025-04-04'),
(24, 24, 2, 105.60, 'Active', '2022-08-20', '2025-04-02'),
(25, 25, 2, 110.90, 'Active', '2021-10-01', '2025-04-03'),
(26, 26, 2, 95.30, 'Active', '2023-01-25', '2025-04-07'),
(27, 27, 2, 125.20, 'Active', '2022-03-30', '2025-04-05'),
(28, 28, 2, 870.40, 'Active', '2021-06-15', '2025-04-08'),
(29, 29, 2, 790.60, 'Active', '2020-07-20', '2025-04-01'),
(30, 30, 2, 3100.90, 'Active', '2020-05-10', '2025-04-10'),
(31, 31, 9, 100.50, 'Active', '2022-09-05', '2025-04-06'),
(32, 32, 9, 115.70, 'Active', '2021-11-10', '2025-04-09'),
(33, 33, 9, 120.30, 'Active', '2023-02-15', '2025-04-04'),
(34, 34, 9, 105.80, 'Active', '2022-04-20', '2025-04-02'),
(35, 35, 9, 110.20, 'Active', '2021-08-25', '2025-04-03'),
(36, 36, 9, 95.40, 'Active', '2023-03-10', '2025-04-07'),
(37, 37, 9, 125.60, 'Inactive', '2022-06-15', '2025-03-20'),
(38, 38, 9, 850.90, 'Active', '2021-09-20', '2025-04-05'),
(39, 39, 9, 780.20, 'Active', '2020-10-25', '2025-04-08'),
(40, 40, 9, 3200.70, 'Active', '2020-08-15', '2025-04-01'),
(41, 41, 1, 130.80, 'Active', '2022-05-25', '2025-04-10'),
(42, 42, 1, 115.20, 'Active', '2021-12-10', '2025-04-06'),
(43, 43, 1, 100.90, 'Active', '2023-01-15', '2025-04-09'),
(44, 44, 1, 120.40, 'Active', '2022-07-20', '2025-04-04'),
(45, 45, 1, 105.60, 'Active', '2021-09-25', '2025-04-02'),
(46, 46, 1, 110.30, 'Active', '2023-02-20', '2025-04-03'),
(47, 47, 1, 95.70, 'Active', '2022-04-25', '2025-04-07'),
(48, 48, 1, 870.50, 'Active', '2021-10-30', '2025-04-05'),
(49, 49, 1, 790.80, 'Active', '2020-11-05', '2025-04-08'),
(50, 50, 1, 3400.20, 'Active', '2020-09-10', '2025-04-01'),
(51, 51, 5, 125.90, 'Active', '2022-06-10', '2025-04-10'),
(52, 52, 5, 110.50, 'Active', '2021-11-15', '2025-04-06'),
(53, 53, 5, 115.20, 'Active', '2023-03-20', '2025-04-09'),
(54, 54, 5, 100.80, 'Active', '2022-08-25', '2025-04-04'),
(55, 55, 5, 120.30, 'Active', '2021-10-01', '2025-04-02'),
(56, 56, 5, 105.40, 'Active', '2023-01-05', '2025-04-03'),
(57, 57, 5, 130.60, 'Active', '2022-05-10', '2025-04-07'),
(58, 58, 5, 900.70, 'Active', '2021-09-15', '2025-04-05'),
(59, 59, 5, 820.40, 'Active', '2020-10-20', '2025-04-08'),
(60, 60, 5, 3100.50, 'Active', '2020-08-05', '2025-04-01'),
(61, 61, 7, 115.80, 'Active', '2022-07-15', '2025-04-10'),
(62, 62, 7, 120.20, 'Active', '2021-12-20', '2025-04-06'),
(63, 63, 7, 105.90, 'Active', '2023-02-25', '2025-04-09'),
(64, 64, 7, 110.30, 'Active', '2022-09-01', '2025-04-04'),
(65, 65, 7, 95.60, 'Active', '2021-10-05', '2025-04-02'),
(66, 66, 7, 125.40, 'Active', '2023-03-15', '2025-04-03'),
(67, 67, 7, 100.70, 'Active', '2022-05-20', '2025-04-07'),
(68, 68, 7, 850.20, 'Active', '2021-09-20', '2025-04-05'),
(69, 69, 7, 780.90, 'Active', '2020-10-25', '2025-04-08'),
(70, 70, 7, 3200.40, 'Active', '2020-08-15', '2025-04-01'),
(71, 71, 6, 130.50, 'Active', '2022-06-25', '2025-04-10'),
(72, 72, 6, 115.20, 'Active', '2021-11-30', '2025-04-06'),
(73, 73, 6, 120.80, 'Active', '2023-04-01', '2025-04-09'),
(74, 74, 6, 105.90, 'Active', '2022-08-05', '2025-04-04'),
(75, 75, 6, 110.30, 'Active', '2021-09-10', '2025-04-02'),
(76, 76, 6, 95.40, 'Active', '2023-02-10', '2025-04-03'),
(77, 77, 6, 125.60, 'Active', '2022-04-15', '2025-04-07'),
(78, 78, 6, 870.50, 'Active', '2021-10-20', '2025-04-05'),
(79, 79, 6, 790.20, 'Active', '2020-11-25', '2025-04-08'),
(80, 80, 6, 3400.90, 'Inactive', '2020-09-05', '2025-03-15'),
(81, 81, 9, 100.70, 'Active', '2022-07-20', '2025-04-10'),
(82, 82, 9, 115.80, 'Active', '2021-12-25', '2025-04-06'),
(83, 83, 9, 120.40, 'Active', '2023-03-05', '2025-04-09'),
(84, 84, 9, 105.20, 'Active', '2022-09-10', '2025-04-04'),
(85, 85, 9, 110.90, 'Active', '2021-10-15', '2025-04-02'),
(86, 86, 9, 95.30, 'Active', '2023-01-20', '2025-04-03'),
(87, 87, 9, 125.60, 'Active', '2022-05-25', '2025-04-07'),
(88, 88, 9, 900.40, 'Active', '2021-09-25', '2025-04-05'),
(89, 89, 9, 820.70, 'Active', '2020-10-30', '2025-04-08'),
(90, 90, 9, 3100.20, 'Active', '2020-08-10', '2025-04-01'),
(91, 91, 2, 130.80, 'Active', '2022-06-30', '2025-04-10'),
(92, 92, 2, 115.20, 'Active', '2021-12-05', '2025-04-06'),
(93, 93, 2, 100.90, 'Active', '2023-04-10', '2025-04-09'),
(94, 94, 2, 120.40, 'Active', '2022-08-15', '2025-04-04'),
(95, 95, 2, 105.60, 'Active', '2021-09-20', '2025-04-02'),
(96, 96, 2, 110.30, 'Active', '2023-02-25', '2025-04-03'),
(97, 97, 2, 95.70, 'Active', '2022-04-30', '2025-04-07'),
(98, 98, 2, 870.50, 'Active', '2021-10-25', '2025-04-05'),
(99, 99, 2, 790.80, 'Active', '2020-11-30', '2025-04-08'),
(100, 100, 2, 3400.40, 'Active', '2020-09-15', '2025-04-01'),
(101, 101, 8, 125.90, 'Active', '2022-07-05', '2025-04-10'),
(102, 102, 8, 110.50, 'Active', '2021-12-10', '2025-04-06'),
(103, 103, 8, 115.20, 'Active', '2023-03-15', '2025-04-09'),
(104, 104, 8, 100.80, 'Active', '2022-09-20', '2025-04-04'),
(105, 105, 8, 120.30, 'Active', '2021-10-25', '2025-04-02'),
(106, 106, 8, 105.40, 'Active', '2023-01-30', '2025-04-03'),
(107, 107, 8, 130.60, 'Inactive', '2022-05-05', '2025-03-20'),
(108, 108, 8, 900.70, 'Active', '2021-09-30', '2025-04-05'),
(109, 109, 8, 820.40, 'Active', '2020-11-05', '2025-04-08'),
(110, 110, 8, 3100.50, 'Active', '2020-08-20', '2025-04-01'),
(111, 111, 9, 115.80, 'Active', '2022-07-10', '2025-04-10'),
(112, 112, 9, 120.20, 'Active', '2021-12-15', '2025-04-06'),
(113, 113, 9, 105.90, 'Active', '2023-04-20', '2025-04-09'),
(114, 114, 9, 110.30, 'Active', '2022-08-25', '2025-04-04'),
(115, 115, 9, 95.60, 'Active', '2021-10-01', '2025-04-02'),
(116, 116, 9, 125.40, 'Active', '2023-02-05', '2025-04-03'),
(117, 117, 9, 100.70, 'Active', '2022-05-10', '2025-04-07'),
(118, 118, 9, 850.20, 'Active', '2021-09-15', '2025-04-05'),
(119, 119, 9, 780.90, 'Active', '2020-10-20', '2025-04-08'),
(120, 120, 9, 3200.40, 'Active', '2020-08-25', '2025-04-01'),
(121, 121, 6, 130.50, 'Active', '2022-07-15', '2025-04-10'),
(122, 122, 6, 115.20, 'Active', '2021-12-20', '2025-04-06'),
(123, 123, 6, 120.80, 'Active', '2023-03-25', '2025-04-09'),
(124, 124, 6, 105.90, 'Active', '2022-09-01', '2025-04-04'),
(125, 125, 6, 110.30, 'Active', '2021-10-05', '2025-04-02'),
(126, 126, 6, 95.40, 'Active', '2023-02-10', '2025-04-03'),
(127, 127, 6, 125.60, 'Active', '2022-05-15', '2025-04-07'),
(128, 128, 6, 870.50, 'Active', '2021-09-20', '2025-04-05'),
(129, 129, 6, 790.20, 'Active', '2020-10-25', '2025-04-08'),
(130, 130, 6, 3400.90, 'Active', '2020-08-30', '2025-04-01'),
(131, 131, 3, 100.70, 'Active', '2022-07-20', '2025-04-10'),
(132, 132, 3, 115.80, 'Active', '2021-12-25', '2025-04-06'),
(133, 133, 3, 120.40, 'Active', '2023-04-01', '2025-04-09'),
(134, 134, 3, 105.20, 'Active', '2022-09-05', '2025-04-04'),
(135, 135, 3, 110.90, 'Active', '2021-10-10', '2025-04-02'),
(136, 136, 3, 95.30, 'Active', '2023-02-15', '2025-04-03'),
(137, 137, 3, 125.60, 'Inactive', '2022-05-20', '2025-03-20'),
(138, 138, 3, 900.40, 'Active', '2021-09-25', '2025-04-05'),
(139, 139, 3, 820.70, 'Active', '2020-11-01', '2025-04-08'),
(140, 140, 3, 3100.20, 'Active', '2020-09-05', '2025-04-01'),
(141, 141, 3, 130.80, 'Active', '2022-07-25', '2025-04-10'),
(142, 142, 3, 115.20, 'Active', '2021-12-30', '2025-04-06'),
(143, 143, 3, 100.90, 'Active', '2023-04-05', '2025-04-09'),
(144, 144, 3, 120.40, 'Active', '2022-09-10', '2025-04-04'),
(145, 145, 3, 105.60, 'Active', '2021-10-15', '2025-04-02'),
(146, 146, 3, 110.30, 'Active', '2023-02-20', '2025-04-03'),
(147, 147, 3, 95.70, 'Active', '2022-05-25', '2025-04-07'),
(148, 148, 3, 870.50, 'Active', '2021-09-30', '2025-04-05'),
(149, 149, 3, 790.80, 'Active', '2020-11-05', '2025-04-08'),
(150, 150, 3, 3400.40, 'Active', '2020-09-10', '2025-04-01'),
(151, 151, 12, 125.90, 'Active', '2022-07-30', '2025-04-10'),
(152, 152, 12, 110.50, 'Active', '2021-12-05', '2025-04-06'),
(153, 153, 12, 115.20, 'Active', '2023-04-10', '2025-04-09'),
(154, 154, 12, 100.80, 'Active', '2022-09-15', '2025-04-04'),
(155, 155, 12, 120.30, 'Active', '2021-10-20', '2025-04-02'),
(156, 156, 12, 105.40, 'Active', '2023-02-25', '2025-04-03'),
(157, 157, 12, 130.60, 'Active', '2022-05-30', '2025-04-07'),
(158, 158, 12, 900.70, 'Active', '2021-10-05', '2025-04-05'),
(159, 159, 12, 820.40, 'Active', '2020-11-10', '2025-04-08'),
(160, 160, 12, 3100.50, 'Active', '2020-09-15', '2025-04-01'),
(161, 161, 14, 115.80, 'Active', '2022-08-05', '2025-04-10'),
(162, 162, 14, 120.20, 'Active', '2021-12-10', '2025-04-06'),
(163, 163, 14, 105.90, 'Active', '2023-04-15', '2025-04-09'),
(164, 164, 14, 110.30, 'Active', '2022-09-20', '2025-04-04'),
(165, 165, 14, 95.60, 'Active', '2021-10-25', '2025-04-02'),
(166, 166, 14, 125.40, 'Active', '2023-03-01', '2025-04-03'),
(167, 167, 14, 100.70, 'Active', '2022-06-05', '2025-04-07'),
(168, 168, 14, 850.20, 'Active', '2021-10-10', '2025-04-05'),
(169, 169, 14, 780.90, 'Active', '2020-11-15', '2025-04-08'),
(170, 170, 14, 3200.40, 'Active', '2020-09-20', '2025-04-01'),
(171, 171, 15, 130.50, 'Active', '2022-08-10', '2025-04-10'),
(172, 172, 15, 115.20, 'Active', '2021-12-15', '2025-04-06'),
(173, 173, 15, 120.80, 'Active', '2023-04-20', '2025-04-09'),
(174, 174, 15, 105.90, 'Active', '2022-09-25', '2025-04-04'),
(175, 175, 15, 110.30, 'Active', '2021-10-30', '2025-04-02'),
(176, 176, 15, 95.40, 'Active', '2023-03-05', '2025-04-03'),
(177, 177, 15, 125.60, 'Inactive', '2022-06-10', '2025-03-20'),
(178, 178, 15, 870.50, 'Active', '2021-10-15', '2025-04-05'),
(179, 179, 15, 790.20, 'Active', '2020-11-20', '2025-04-08'),
(180, 180, 15, 3400.90, 'Active', '2020-09-25', '2025-04-01'),
(181, 181, 17, 100.70, 'Active', '2022-08-15', '2025-04-10'),
(182, 182, 17, 115.80, 'Active', '2021-12-20', '2025-04-06'),
(183, 183, 17, 120.40, 'Active', '2023-04-25', '2025-04-09'),
(184, 184, 17, 105.20, 'Active', '2022-09-30', '2025-04-04'),
(185, 185, 17, 110.90, 'Active', '2021-11-05', '2025-04-02'),
(186, 186, 17, 95.30, 'Active', '2023-03-10', '2025-04-03'),
(187, 187, 17, 125.60, 'Active', '2022-06-15', '2025-04-07'),
(188, 188, 17, 900.40, 'Active', '2021-10-20', '2025-04-05'),
(189, 189, 17, 820.70, 'Active', '2020-11-25', '2025-04-08'),
(190, 190, 17, 3100.20, 'Active', '2020-09-30', '2025-04-01'),
(191, 191, 17, 130.80, 'Active', '2022-08-20', '2025-04-10'),
(192, 192, 17, 115.20, 'Active', '2021-12-25', '2025-04-06'),
(193, 193, 17, 100.90, 'Active', '2023-04-30', '2025-04-09'),
(194, 194, 17, 120.40, 'Active', '2022-10-05', '2025-04-04'),
(195, 195, 17, 105.60, 'Active', '2021-11-10', '2025-04-02'),
(196, 196, 17, 110.30, 'Active', '2023-03-15', '2025-04-03'),
(197, 197, 17, 95.70, 'Active', '2022-06-20', '2025-04-07'),
(198, 198, 17, 870.50, 'Active', '2021-10-25', '2025-04-05'),
(199, 199, 17, 790.80, 'Active', '2020-11-30', '2025-04-08'),
(200, 200, 17, 3400.40, 'Active', '2020-10-05', '2025-04-01'),
(201, 201, 17, 125.90, 'Active', '2022-08-25', '2025-04-10'),
(202, 202, 17, 110.50, 'Active', '2021-12-30', '2025-04-06'),
(203, 203, 17, 115.20, 'Active', '2023-05-05', '2025-04-09'),
(204, 204, 17, 100.80, 'Active', '2022-10-10', '2025-04-04'),
(205, 205, 17, 120.30, 'Active', '2021-11-15', '2025-04-02'),
(206, 206, 17, 105.40, 'Active', '2023-03-20', '2025-04-03'),
(207, 207, 17, 130.60, 'Active', '2022-06-25', '2025-04-07'),
(208, 208, 17, 900.70, 'Active', '2021-10-30', '2025-04-05'),
(209, 209, 17, 820.40, 'Active', '2020-12-05', '2025-04-08'),
(210, 210, 17, 3100.50, 'Inactive', '2020-10-10', '2025-03-15'),
(211, 211, 11, 115.80, 'Active', '2022-08-30', '2025-04-10'),
(212, 212, 11, 120.20, 'Active', '2021-12-05', '2025-04-06'),
(213, 213, 11, 105.90, 'Active', '2023-05-10', '2025-04-09'),
(214, 214, 11, 110.30, 'Active', '2022-10-15', '2025-04-04'),
(215, 215, 11, 95.60, 'Active', '2021-11-20', '2025-04-02'),
(216, 216, 11, 125.40, 'Active', '2023-03-25', '2025-04-03'),
(217, 217, 11, 100.70, 'Active', '2022-06-30', '2025-04-07'),
(218, 218, 11, 850.20, 'Active', '2021-11-05', '2025-04-05'),
(219, 219, 11, 780.90, 'Active', '2020-12-10', '2025-04-08'),
(220, 220, 11, 3200.40, 'Active', '2020-10-15', '2025-04-01'),
(221, 221, 19, 130.50, 'Active', '2022-09-05', '2025-04-10'),
(222, 222, 19, 115.20, 'Active', '2021-12-10', '2025-04-06'),
(223, 223, 19, 120.80, 'Active', '2023-05-15', '2025-04-09'),
(224, 224, 19, 105.90, 'Active', '2022-10-20', '2025-04-04'),
(225, 225, 19, 110.30, 'Active', '2021-11-25', '2025-04-02'),
(226, 226, 19, 95.40, 'Active', '2023-03-30', '2025-04-03'),
(227, 227, 19, 125.60, 'Active', '2022-07-05', '2025-04-07'),
(228, 228, 19, 870.50, 'Active', '2021-11-10', '2025-04-05'),
(229, 229, 19, 790.20, 'Active', '2020-12-15', '2025-04-08'),
(230, 230, 19, 3400.90, 'Active', '2020-10-20', '2025-04-01'),
(231, 231, 15, 100.70, 'Active', '2022-09-10', '2025-04-10'),
(232, 232, 15, 115.80, 'Active', '2021-12-15', '2025-04-06'),
(233, 233, 15, 120.40, 'Active', '2023-05-20', '2025-04-09'),
(234, 234, 15, 105.20, 'Active', '2022-10-25', '2025-04-04'),
(235, 235, 15, 110.90, 'Active', '2021-11-30', '2025-04-02'),
(236, 236, 15, 95.30, 'Active', '2023-04-05', '2025-04-03'),
(237, 237, 15, 125.60, 'Active', '2022-07-10', '2025-04-07'),
(238, 238, 15, 900.40, 'Active', '2021-11-15', '2025-04-05'),
(239, 239, 15, 820.70, 'Active', '2020-12-20', '2025-04-08'),
(240, 240, 15, 3100.20, 'Active', '2020-10-25', '2025-04-01'),
(241, 241, 12, 130.80, 'Active', '2022-09-15', '2025-04-10'),
(242, 242, 12, 115.20, 'Active', '2021-12-20', '2025-04-06'),
(243, 243, 12, 100.90, 'Active', '2023-05-25', '2025-04-09'),
(244, 244, 12, 120.40, 'Active', '2022-10-30', '2025-04-04'),
(245, 245, 12, 105.60, 'Active', '2021-12-05', '2025-04-02'),
(246, 246, 12, 110.30, 'Active', '2023-04-10', '2025-04-03'),
(247, 247, 12, 95.70, 'Inactive', '2022-07-15', '2025-03-20'),
(248, 248, 12, 870.50, 'Active', '2021-11-20', '2025-04-05'),
(249, 249, 12, 790.80, 'Active', '2020-12-25', '2025-04-08'),
(250, 250, 12, 3400.40, 'Active', '2020-10-30', '2025-04-01'),
(251, 251, 16, 125.90, 'Active', '2022-09-20', '2025-04-10'),
(252, 252, 16, 110.50, 'Active', '2021-12-25', '2025-04-06'),
(253, 253, 16, 115.20, 'Active', '2023-05-30', '2025-04-09'),
(254, 254, 16, 100.80, 'Active', '2022-11-05', '2025-04-04'),
(255, 255, 16, 120.30, 'Active', '2021-12-10', '2025-04-02'),
(256, 256, 16, 105.40, 'Active', '2023-04-15', '2025-04-03'),
(257, 257, 16, 130.60, 'Active', '2022-07-20', '2025-04-07'),
(258, 258, 16, 900.70, 'Active', '2021-11-25', '2025-04-05'),
(259, 259, 16, 820.40, 'Active', '2020-12-30', '2025-04-08'),
(260, 260, 16, 3100.50, 'Active', '2020-11-05', '2025-04-01'),
(261, 261, 13, 115.80, 'Active', '2022-09-25', '2025-04-10'),
(262, 262, 13, 120.20, 'Active', '2021-12-30', '2025-04-06'),
(263, 263, 13, 105.90, 'Active', '2023-06-05', '2025-04-09'),
(264, 264, 13, 110.30, 'Active', '2022-11-10', '2025-04-04'),
(265, 265, 13, 95.60, 'Active', '2021-12-15', '2025-04-02'),
(266, 266, 13, 125.40, 'Active', '2023-04-20', '2025-04-03'),
(267, 267, 13, 100.70, 'Active', '2022-07-25', '2025-04-07'),
(268, 268, 13, 850.20, 'Active', '2021-11-30', '2025-04-05'),
(269, 269, 13, 780.90, 'Active', '2020-12-05', '2025-04-08'),
(270, 270, 13, 3200.40, 'Active', '2020-11-10', '2025-04-01'),
(271, 271, 16, 130.50, 'Active', '2022-09-30', '2025-04-10'),
(272, 272, 16, 115.20, 'Active', '2021-12-05', '2025-04-06'),
(273, 273, 16, 120.80, 'Active', '2023-06-10', '2025-04-09'),
(274, 274, 16, 105.90, 'Active', '2022-11-15', '2025-04-04'),
(275, 275, 16, 110.30, 'Active', '2021-12-20', '2025-04-02'),
(276, 276, 16, 95.40, 'Active', '2023-04-25', '2025-04-03'),
(277, 277, 16, 125.60, 'Active', '2022-07-30', '2025-04-07'),
(278, 278, 16, 870.50, 'Active', '2021-12-05', '2025-04-05'),
(279, 279, 16, 790.20, 'Active', '2020-12-10', '2025-04-08'),
(280, 280, 16, 3400.90, 'Active', '2020-11-15', '2025-04-01'),
(281, 281, 12, 100.70, 'Active', '2022-10-05', '2025-04-10'),
(282, 282, 12, 115.80, 'Active', '2021-12-10', '2025-04-06'),
(283, 283, 12, 120.40, 'Active', '2023-06-15', '2025-04-09'),
(284, 284, 12, 105.20, 'Active', '2022-11-20', '2025-04-04'),
(285, 285, 12, 110.90, 'Active', '2021-12-25', '2025-04-02'),
(286, 286, 12, 95.30, 'Active', '2023-04-30', '2025-04-03'),
(287, 287, 12, 125.60, 'Active', '2022-08-05', '2025-04-07'),
(288, 288, 12, 900.40, 'Active', '2021-12-10', '2025-04-05'),
(289, 289, 12, 820.70, 'Active', '2020-12-15', '2025-04-08'),
(290, 290, 12, 3100.20, 'Active', '2020-11-20', '2025-04-01'),
(291, 291, 11, 130.80, 'Active', '2022-10-10', '2025-04-10'),
(292, 292, 11, 115.20, 'Active', '2021-12-15', '2025-04-06'),
(293, 293, 11, 100.90, 'Active', '2023-06-20', '2025-04-09'),
(294, 294, 11, 120.40, 'Active', '2022-11-25', '2025-04-04'),
(295, 295, 11, 105.60, 'Active', '2021-12-30', '2025-04-02'),
(296, 296, 11, 110.30, 'Active', '2023-05-05', '2025-04-03'),
(297, 297, 11, 95.70, 'Inactive', '2022-08-10', '2025-03-20'),
(298, 298, 11, 870.50, 'Active', '2021-12-15', '2025-04-05'),
(299, 299, 11, 790.80, 'Active', '2020-12-20', '2025-04-08'),
(300, 300, 11, 3400.40, 'Active', '2020-11-25', '2025-04-01'),
(301, 1, 5, 130.25, 'Active', '2023-07-10', '2025-04-06'),
(302, 2, 4, 140.80, 'Active', '2022-02-15', '2025-04-05'),
(303, 3, 3, 110.50, 'Active', '2023-01-20', '2025-04-08'),
(304, 4, 2, 100.90, 'Active', '2022-09-05', '2025-04-07'),
(305, 5, 9, 115.60, 'Active', '2023-03-15', '2025-04-04'),
(306, 6, 6, 120.30, 'Active', '2022-11-10', '2025-04-02'),
(307, 7, 7, 105.40, 'Active', '2023-02-25', '2025-04-03'),
(308, 8, 3, 900.70, 'Active', '2022-08-20', '2025-04-05'),
(309, 9, 5, 820.40, 'Active', '2022-06-15', '2025-04-08'),
(310, 10, 8, 3050.90, 'Faulty', '2021-05-20', '2025-04-01');

INSERT INTO Bill (Bill_ID, Rate_ID, Meter_ID, Total_Price, Billing_Date, Payment_Status) VALUES
(1, 7, 1, 180.75, '2025-03-12', 'Paid'),
(2, 7, 2, 195.30, '2025-03-05', 'Unpaid'),
(3, 7, 3, 173.70, '2025-03-28', 'Paid'),
(4, 7, 4, 142.95, '2025-03-15', 'Paid'),
(5, 7, 5, 165.60, '2025-03-09', 'Unpaid'),
(6, 7, 6, 188.40, '2025-03-22', 'Paid'),
(7, 7, 7, 151.35, '2025-03-03', 'Paid'),
(8, 8, 8, 1020.90, '2025-03-19', 'Unpaid'),
(9, 8, 9, 936.90, '2025-03-07', 'Paid'),
(10, 9, 10, 4500.00, '2025-03-30', 'Paid'),
(11, 7, 11, 157.80, '2025-03-14', 'Paid'),
(12, 7, 12, 165.45, '2025-03-26', 'Paid'),
(13, 7, 13, 143.10, '2025-03-08', 'Unpaid'),
(14, 7, 14, 181.05, '2025-03-17', 'Paid'),
(15, 7, 15, 173.40, '2025-03-04', 'Paid'),
(16, 7, 16, 151.20, '2025-03-21', 'Paid'),
(17, 7, 17, 188.85, '2025-03-11', 'Unpaid'),
(18, 8, 18, 1080.60, '2025-03-29', 'Paid'),
(19, 8, 19, 984.84, '2025-03-02', 'Unpaid'),
(20, 9, 20, 4800.00, '2025-03-18', 'Paid'),
(21, 7, 21, 195.38, '2025-03-06', 'Paid'),
(22, 7, 22, 173.70, '2025-03-25', 'Paid'),
(23, 7, 23, 180.60, '2025-03-13', 'Unpaid'),
(24, 7, 24, 158.40, '2025-03-01', 'Paid'),
(25, 7, 25, 166.35, '2025-03-20', 'Paid'),
(26, 7, 26, 142.95, '2025-03-10', 'Paid'),
(27, 7, 27, 187.80, '2025-03-27', 'Unpaid'),
(28, 8, 28, 1044.48, '2025-03-16', 'Paid'),
(29, 8, 29, 948.72, '2025-03-05', 'Paid'),
(30, 9, 30, 4600.00, '2025-03-24', 'Paid'),
(31, 7, 31, 151.65, '2025-03-12', 'Paid'),
(32, 7, 32, 180.30, '2025-03-31', 'Unpaid'),
(33, 7, 33, 165.90, '2025-03-09', 'Paid'),
(34, 7, 34, 173.25, '2025-03-23', 'Paid'),
(35, 7, 35, 143.55, '2025-03-04', 'Paid'),
(36, 7, 36, 195.00, '2025-03-17', 'Unpaid'),
(37, 7, 37, 158.85, '2025-03-28', 'Paid'),
(38, 8, 38, 972.36, '2025-03-06', 'Paid'),
(39, 8, 39, 1032.60, '2025-03-19', 'Unpaid'),
(40, 9, 40, 4700.00, '2025-03-11', 'Paid'),
(41, 7, 41, 166.80, '2025-03-30', 'Paid'),
(42, 7, 42, 181.80, '2025-03-08', 'Paid'),
(43, 7, 43, 150.30, '2025-03-25', 'Unpaid'),
(44, 7, 44, 188.10, '2025-03-14', 'Paid'),
(45, 7, 45, 173.85, '2025-03-03', 'Paid'),
(46, 7, 46, 143.40, '2025-03-21', 'Paid'),
(47, 7, 47, 165.15, '2025-03-10', 'Unpaid'),
(48, 8, 48, 996.12, '2025-03-27', 'Paid'),
(49, 8, 49, 1080.84, '2025-03-16', 'Paid'),
(50, 9, 50, 4400.00, '2025-03-05', 'Paid'),
(51, 7, 51, 180.45, '2025-03-22', 'Paid'),
(52, 7, 52, 158.70, '2025-03-12', 'Unpaid'),
(53, 7, 53, 195.45, '2025-03-01', 'Paid'),
(54, 7, 54, 166.05, '2025-03-18', 'Paid'),
(55, 7, 55, 151.80, '2025-03-29', 'Paid'),
(56, 7, 56, 173.10, '2025-03-07', 'Unpaid'),
(57, 7, 57, 188.25, '2025-03-24', 'Paid'),
(58, 8, 58, 948.72, '2025-03-13', 'Paid'),
(59, 8, 59, 1020.90, '2025-03-02', 'Unpaid'),
(60, 9, 60, 4600.00, '2025-03-20', 'Paid'),
(61, 7, 61, 143.85, '2025-03-09', 'Paid'),
(62, 7, 62, 180.90, '2025-03-26', 'Paid'),
(63, 7, 63, 165.30, '2025-03-15', 'Unpaid'),
(64, 7, 64, 195.15, '2025-03-04', 'Paid'),
(65, 7, 65, 158.10, '2025-03-21', 'Paid'),
(66, 7, 66, 173.55, '2025-03-10', 'Paid'),
(67, 7, 67, 151.50, '2025-03-28', 'Unpaid'),
(68, 8, 68, 1080.60, '2025-03-17', 'Paid'),
(69, 8, 69, 936.90, '2025-03-06', 'Paid'),
(70, 9, 70, 4800.00, '2025-03-23', 'Paid'),
(71, 7, 71, 188.40, '2025-03-12', 'Paid'),
(72, 7, 72, 166.50, '2025-03-01', 'Unpaid'),
(73, 7, 73, 143.25, '2025-03-19', 'Paid'),
(74, 7, 74, 180.15, '2025-03-08', 'Paid'),
(75, 7, 75, 195.60, '2025-03-25', 'Paid'),
(76, 7, 76, 151.95, '2025-03-14', 'Unpaid'),
(77, 7, 77, 173.40, '2025-03-03', 'Paid'),
(78, 8, 78, 972.36, '2025-03-20', 'Paid'),
(79, 8, 79, 1044.48, '2025-03-09', 'Unpaid'),
(80, 9, 80, 4500.00, '2025-03-27', 'Paid'),
(81, 7, 81, 158.55, '2025-03-16', 'Paid'),
(82, 7, 82, 188.70, '2025-03-05', 'Paid'),
(83, 7, 83, 165.75, '2025-03-22', 'Unpaid'),
(84, 7, 84, 180.60, '2025-03-11', 'Paid'),
(85, 7, 85, 143.70, '2025-03-29', 'Paid'),
(86, 7, 86, 195.30, '2025-03-18', 'Paid'),
(87, 7, 87, 151.20, '2025-03-07', 'Unpaid'),
(88, 8, 88, 996.12, '2025-03-24', 'Paid'),
(89, 8, 89, 1080.84, '2025-03-13', 'Paid'),
(90, 9, 90, 4700.00, '2025-03-02', 'Paid'),
(91, 7, 91, 173.85, '2025-03-21', 'Paid'),
(92, 7, 92, 166.20, '2025-03-10', 'Unpaid'),
(93, 7, 93, 188.25, '2025-03-28', 'Paid'),
(94, 7, 94, 151.65, '2025-03-17', 'Paid'),
(95, 7, 95, 180.45, '2025-03-06', 'Paid'),
(96, 7, 96, 143.40, '2025-03-23', 'Unpaid'),
(97, 7, 97, 195.15, '2025-03-12', 'Paid'),
(98, 8, 98, 936.90, '2025-03-01', 'Paid'),
(99, 8, 99, 1020.90, '2025-03-19', 'Unpaid'),
(100, 9, 100, 4600.00, '2025-03-08', 'Paid'),
(101, 7, 101, 158.10, '2025-03-25', 'Paid'),
(102, 7, 102, 173.55, '2025-03-14', 'Paid'),
(103, 7, 103, 180.90, '2025-03-03', 'Unpaid'),
(104, 7, 104, 165.30, '2025-03-20', 'Paid'),
(105, 7, 105, 151.50, '2025-03-09', 'Paid'),
(106, 7, 106, 188.40, '2025-03-27', 'Paid'),
(107, 7, 107, 143.85, '2025-03-16', 'Unpaid'),
(108, 8, 108, 1044.48, '2025-03-05', 'Paid'),
(109, 8, 109, 972.36, '2025-03-22', 'Paid'),
(110, 9, 110, 4800.00, '2025-03-11', 'Paid'),
(111, 7, 111, 195.60, '2025-03-29', 'Paid'),
(112, 7, 112, 166.50, '2025-03-18', 'Unpaid'),
(113, 7, 113, 151.95, '2025-03-07', 'Paid'),
(114, 7, 114, 173.40, '2025-03-24', 'Paid'),
(115, 7, 115, 180.15, '2025-03-13', 'Paid'),
(116, 7, 116, 158.55, '2025-03-02', 'Unpaid'),
(117, 7, 117, 188.70, '2025-03-20', 'Paid'),
(118, 8, 118, 1080.60, '2025-03-09', 'Paid'),
(119, 8, 119, 948.72, '2025-03-26', 'Unpaid'),
(120, 9, 120, 4500.00, '2025-03-15', 'Paid'),
(121, 7, 121, 165.75, '2025-03-04', 'Paid'),
(122, 7, 122, 143.25, '2025-03-21', 'Paid'),
(123, 7, 123, 180.60, '2025-03-10', 'Unpaid'),
(124, 7, 124, 195.30, '2025-03-28', 'Paid'),
(125, 7, 125, 151.20, '2025-03-17', 'Paid'),
(126, 7, 126, 173.85, '2025-03-06', 'Paid'),
(127, 7, 127, 166.20, '2025-03-23', 'Unpaid'),
(128, 8, 128, 996.12, '2025-03-12', 'Paid'),
(129, 8, 129, 1020.90, '2025-03-01', 'Paid'),
(130, 9, 130, 4700.00, '2025-03-19', 'Paid'),
(131, 7, 131, 188.25, '2025-03-08', 'Paid'),
(132, 7, 132, 151.65, '2025-03-25', 'Unpaid'),
(133, 7, 133, 180.45, '2025-03-14', 'Paid'),
(134, 7, 134, 143.40, '2025-03-03', 'Paid'),
(135, 7, 135, 195.15, '2025-03-20', 'Paid'),
(136, 7, 136, 158.10, '2025-03-09', 'Unpaid'),
(137, 7, 137, 173.55, '2025-03-27', 'Paid'),
(138, 8, 138, 936.90, '2025-03-16', 'Paid'),
(139, 8, 139, 1080.84, '2025-03-05', 'Paid'),
(140, 9, 140, 4600.00, '2025-03-22', 'Paid'),
(141, 7, 141, 151.50, '2025-03-11', 'Unpaid'),
(142, 7, 142, 188.40, '2025-03-29', 'Paid'),
(143, 7, 143, 165.30, '2025-03-18', 'Paid'),
(144, 7, 144, 180.90, '2025-03-07', 'Paid'),
(145, 7, 145, 143.85, '2025-03-24', 'Unpaid'),
(146, 7, 146, 195.60, '2025-03-13', 'Paid'),
(147, 7, 147, 166.50, '2025-03-02', 'Paid'),
(148, 8, 148, 972.36, '2025-03-20', 'Paid'),
(149, 8, 149, 1044.48, '2025-03-09', 'Unpaid'),
(150, 9, 150, 4800.00, '2025-03-26', 'Paid'),
(151, 10, 151, 164.86, '2025-03-15', 'Paid'),
(152, 10, 152, 145.44, '2025-03-04', 'Paid'),
(153, 10, 153, 151.20, '2025-03-21', 'Unpaid'),
(154, 10, 154, 132.30, '2025-03-10', 'Paid'),
(155, 10, 155, 157.99, '2025-03-28', 'Paid'),
(156, 10, 156, 138.43, '2025-03-17', 'Paid'),
(157, 10, 157, 171.68, '2025-03-06', 'Unpaid'),
(158, 11, 158, 1080.84, '2025-03-23', 'Paid'),
(159, 11, 159, 957.48, '2025-03-12', 'Paid'),
(160, 12, 160, 4000.00, '2025-03-01', 'Paid'),
(161, 10, 161, 151.90, '2025-03-19', 'Paid'),
(162, 10, 162, 157.85, '2025-03-08', 'Paid'),
(163, 10, 163, 138.92, '2025-03-25', 'Unpaid'),
(164, 10, 164, 144.73, '2025-03-14', 'Paid'),
(165, 10, 165, 125.30, '2025-03-03', 'Paid'),
(166, 10, 166, 164.85, '2025-03-20', 'Paid'),
(167, 10, 167, 132.04, '2025-03-09', 'Unpaid'),
(168, 11, 168, 990.24, '2025-03-27', 'Paid'),
(169, 11, 169, 910.56, '2025-03-16', 'Paid'),
(170, 12, 170, 4200.00, '2025-03-05', 'Paid'),
(171, 10, 171, 151.55, '2025-03-22', 'Paid'),
(172, 10, 172, 138.60, '2025-03-11', 'Unpaid'),
(173, 10, 173, 164.33, '2025-03-29', 'Paid'),
(174, 10, 174, 145.25, '2025-03-18', 'Paid'),
(175, 10, 175, 157.68, '2025-03-07', 'Paid'),
(176, 10, 176, 132.65, '2025-03-24', 'Unpaid'),
(177, 10, 177, 171.85, '2025-03-13', 'Paid'),
(178, 11, 178, 1034.16, '2025-03-02', 'Paid'),
(179, 11, 179, 946.68, '2025-03-20', 'Paid'),
(180, 12, 180, 4100.00, '2025-03-09', 'Paid'),
(181, 10, 181, 151.90, '2025-03-26', 'Unpaid'),
(182, 10, 182, 138.25, '2025-03-15', 'Paid'),
(183, 10, 183, 164.50, '2025-03-04', 'Paid'),
(184, 10, 184, 145.60, '2025-03-21', 'Paid'),
(185, 10, 185, 157.33, '2025-03-10', 'Unpaid'),
(186, 10, 186, 132.30, '2025-03-28', 'Paid'),
(187, 10, 187, 171.50, '2025-03-17', 'Paid'),
(188, 11, 188, 978.60, '2025-03-06', 'Paid'),
(189, 11, 189, 1068.96, '2025-03-23', 'Unpaid'),
(190, 12, 190, 4300.00, '2025-03-12', 'Paid'),
(191, 10, 191, 151.20, '2025-03-01', 'Paid'),
(192, 10, 192, 138.95, '2025-03-19', 'Paid'),
(193, 10, 193, 164.15, '2025-03-08', 'Unpaid'),
(194, 10, 194, 145.95, '2025-03-25', 'Paid'),
(195, 10, 195, 157.85, '2025-03-14', 'Paid'),
(196, 10, 196, 132.65, '2025-03-03', 'Paid'),
(197, 10, 197, 171.15, '2025-03-20', 'Unpaid'),
(198, 11, 198, 922.32, '2025-03-09', 'Paid'),
(199, 11, 199, 1010.64, '2025-03-27', 'Paid'),
(200, 12, 200, 4000.00, '2025-03-16', 'Paid'),
(201, 10, 201, 151.55, '2025-03-05', 'Paid'),
(202, 10, 202, 138.60, '2025-03-22', 'Unpaid'),
(203, 10, 203, 164.33, '2025-03-11', 'Paid'),
(204, 10, 204, 145.25, '2025-03-29', 'Paid'),
(205, 10, 205, 157.68, '2025-03-18', 'Paid'),
(206, 10, 206, 132.65, '2025-03-07', 'Unpaid'),
(207, 10, 207, 171.85, '2025-03-24', 'Paid'),
(208, 11, 208, 990.24, '2025-03-13', 'Paid'),
(209, 11, 209, 946.68, '2025-03-02', 'Paid'),
(210, 12, 210, 4200.00, '2025-03-20', 'Paid'),
(211, 10, 211, 151.90, '2025-03-09', 'Unpaid'),
(212, 10, 212, 138.25, '2025-03-26', 'Paid'),
(213, 10, 213, 164.50, '2025-03-15', 'Paid'),
(214, 10, 214, 145.60, '2025-03-04', 'Paid'),
(215, 10, 215, 157.33, '2025-03-21', 'Unpaid'),
(216, 10, 216, 132.30, '2025-03-10', 'Paid'),
(217, 10, 217, 171.85, '2025-03-28', 'Paid'),
(218, 11, 218, 1034.16, '2025-03-17', 'Paid'),
(219, 11, 219, 978.60, '2025-03-06', 'Paid'),
(220, 12, 220, 4100.00, '2025-03-23', 'Paid'),
(221, 10, 221, 151.20, '2025-03-12', 'Unpaid'),
(222, 10, 222, 138.95, '2025-03-01', 'Paid'),
(223, 10, 223, 164.15, '2025-03-19', 'Paid'),
(224, 10, 224, 145.95, '2025-03-08', 'Paid'),
(225, 10, 225, 157.85, '2025-03-25', 'Unpaid'),
(226, 10, 226, 132.65, '2025-03-14', 'Paid'),
(227, 10, 227, 171.15, '2025-03-03', 'Paid'),
(228, 11, 228, 1068.96, '2025-03-20', 'Paid'),
(229, 11, 229, 922.32, '2025-03-09', 'Unpaid'),
(230, 12, 230, 4300.00, '2025-03-27', 'Paid'),
(231, 10, 231, 151.55, '2025-03-16', 'Paid'),
(232, 10, 232, 138.60, '2025-03-05', 'Paid'),
(233, 10, 233, 164.33, '2025-03-22', 'Unpaid'),
(234, 10, 234, 145.25, '2025-03-11', 'Paid'),
(235, 10, 235, 157.68, '2025-03-29', 'Paid'),
(236, 10, 236, 132.65, '2025-03-18', 'Paid'),
(237, 10, 237, 171.85, '2025-03-07', 'Unpaid'),
(238, 11, 238, 1010.64, '2025-03-24', 'Paid'),
(239, 11, 239, 990.24, '2025-03-13', 'Paid'),
(240, 12, 240, 4000.00, '2025-03-02', 'Paid'),
(241, 10, 241, 151.90, '2025-03-20', 'Paid'),
(242, 10, 242, 138.25, '2025-03-09', 'Unpaid'),
(243, 10, 243, 164.50, '2025-03-26', 'Paid'),
(244, 10, 244, 145.60, '2025-03-15', 'Paid'),
(245, 10, 245, 157.33, '2025-03-04', 'Paid'),
(246, 10, 246, 132.30, '2025-03-21', 'Unpaid'),
(247, 10, 247, 171.50, '2025-03-10', 'Paid'),
(248, 11, 248, 946.68, '2025-03-28', 'Paid'),
(249, 11, 249, 1034.16, '2025-03-17', 'Paid'),
(250, 12, 250, 4200.00, '2025-03-06', 'Paid'),
(251, 10, 251, 151.20, '2025-03-23', 'Paid'),
(252, 10, 252, 138.95, '2025-03-12', 'Unpaid'),
(253, 10, 253, 164.15, '2025-03-01', 'Paid'),
(254, 10, 254, 145.95, '2025-03-19', 'Paid'),
(255, 10, 255, 157.85, '2025-03-08', 'Paid'),
(256, 10, 256, 132.65, '2025-03-25', 'Unpaid'),
(257, 10, 257, 171.15, '2025-03-14', 'Paid'),
(258, 11, 258, 978.60, '2025-03-03', 'Paid'),
(259, 11, 259, 1068.96, '2025-03-20', 'Paid'),
(260, 12, 260, 4100.00, '2025-03-09', 'Paid'),
(261, 10, 261, 151.55, '2025-03-27', 'Unpaid'),
(262, 10, 262, 138.60, '2025-03-16', 'Paid'),
(263, 10, 263, 164.33, '2025-03-05', 'Paid'),
(264, 10, 264, 145.25, '2025-03-22', 'Paid'),
(265, 10, 265, 157.68, '2025-03-11', 'Unpaid'),
(266, 10, 266, 132.65, '2025-03-29', 'Paid'),
(267, 10, 267, 171.85, '2025-03-18', 'Paid'),
(268, 11, 268, 922.32, '2025-03-07', 'Paid'),
(269, 11, 269, 1010.64, '2025-03-24', 'Unpaid'),
(270, 12, 270, 4300.00, '2025-03-13', 'Paid'),
(271, 10, 271, 151.90, '2025-03-02', 'Paid'),
(272, 10, 272, 138.25, '2025-03-20', 'Paid'),
(273, 10, 273, 164.50, '2025-03-09', 'Unpaid'),
(274, 10, 274, 145.60, '2025-03-26', 'Paid'),
(275, 10, 275, 157.33, '2025-03-15', 'Paid'),
(276, 10, 276, 132.30, '2025-03-04', 'Paid'),
(277, 10, 277, 171.50, '2025-03-21', 'Unpaid'),
(278, 11, 278, 990.24, '2025-03-10', 'Paid'),
(279, 11, 279, 946.68, '2025-03-28', 'Paid'),
(280, 12, 280, 4000.00, '2025-03-17', 'Paid'),
(281, 10, 281, 151.20, '2025-03-06', 'Paid'),
(282, 10, 282, 138.95, '2025-03-23', 'Unpaid'),
(283, 10, 283, 164.15, '2025-03-12', 'Paid'),
(284, 10, 284, 145.95, '2025-03-01', 'Paid'),
(285, 10, 285, 157.85, '2025-03-19', 'Paid'),
(286, 10, 286, 132.65, '2025-03-08', 'Unpaid'),
(287, 10, 287, 171.15, '2025-03-25', 'Paid'),
(288, 11, 288, 1034.16, '2025-03-14', 'Paid'),
(289, 11, 289, 978.60, '2025-03-03', 'Paid'),
(290, 12, 290, 4200.00, '2025-03-20', 'Paid'),
(291, 10, 291, 151.55, '2025-03-09', 'Unpaid'),
(292, 10, 292, 138.60, '2025-03-27', 'Paid'),
(293, 10, 293, 164.33, '2025-03-16', 'Paid'),
(294, 10, 294, 145.25, '2025-03-05', 'Paid'),
(295, 10, 295, 157.68, '2025-03-22', 'Unpaid'),
(296, 10, 296, 132.65, '2025-03-11', 'Paid'),
(297, 10, 297, 171.85, '2025-03-29', 'Paid'),
(298, 11, 298, 1068.96, '2025-03-18', 'Paid'),
(299, 11, 299, 922.32, '2025-03-07', 'Paid'),
(300, 12, 300, 4100.00, '2025-03-24', 'Paid'),
(301, 7, 301, 195.38, '2025-03-13', 'Paid'),
(302, 7, 302, 211.20, '2025-03-02', 'Unpaid'),
(303, 7, 303, 165.75, '2025-03-20', 'Paid'),
(304, 7, 304, 151.35, '2025-03-09', 'Paid'),
(305, 7, 305, 173.40, '2025-03-26', 'Unpaid'),
(306, 7, 306, 180.45, '2025-03-15', 'Paid'),
(307, 7, 307, 158.10, '2025-03-04', 'Paid'),
(308, 8, 308, 1080.84, '2025-03-21', 'Paid'),
(309, 8, 309, 936.90, '2025-03-10', 'Paid'),
(310, 9, 310, 4600.00, '2025-03-28', 'Paid');

INSERT INTO Employee (Employee_ID, Employee_Name, Role, Contact_Info, Salary, Reservoir_ID, Team_ID, Department) VALUES
(1, 'Rahul Patel', 'Water Engineer', 'rahul.patel@smc.gov.in', 45000, 3, 7, 'Engineering'),
(2, 'Priya Shah', 'Maintenance Supervisor', 'priya.shah@smc.gov.in', 32000, 5, 4, 'Maintenance'),
(3, 'Amit Desai', 'Billing Officer', 'amit.desai@smc.gov.in', 38000, 2, 6, 'Finance'),
(4, 'Sneha Mehta', 'Water Quality Analyst', 'sneha.mehta@smc.gov.in', 40000, 1, 3, 'Quality Assurance'),
(5, 'Vikram Joshi', 'Pipeline Technician', 'vikram.joshi@smc.gov.in', 27000, 4, 8, 'Operations'),
(6, 'Neha Verma', 'Operations Manager', 'neha.verma@smc.gov.in', 48000, 6, 2, 'Management'),
(7, 'Karan Rathod', 'Reservoir Inspector', 'karan.rathod@smc.gov.in', 35000, 7, 5, 'Inspection'),
(8, 'Disha Gupta', 'Customer Service Rep', 'disha.gupta@smc.gov.in', 29000, 8, 1, 'Customer Service'),
(9, 'Arjun Kapoor', 'Maintenance Technician', 'arjun.kapoor@smc.gov.in', 31000, 3, 9, 'Maintenance'),
(10, 'Riya Singh', 'Data Analyst', 'riya.singh@smc.gov.in', 42000, 5, 10, 'Data Analysis'),
(11, 'Meera Nair', 'Safety Officer', 'meera.nair@smc.gov.in', 37000, 2, 4, 'Safety'),
(12, 'Rohan Thakur', 'Logistics Coordinator', 'rohan.thakur@smc.gov.in', 33000, 1, 6, 'Logistics'),
(13, 'Anita Parmar', 'Water Engineer', 'anita.parmar@smc.gov.in', 46000, 4, 7, 'Engineering'),
(14, 'Suresh Chauhan', 'Maintenance Technician', 'suresh.chauhan@smc.gov.in', 28000, 6, 3, 'Maintenance'),
(15, 'Poonam Yadav', 'Billing Officer', 'poonam.yadav@smc.gov.in', 39000, 7, 5, 'Finance'),
(16, 'Aditya Sharma', 'Pipeline Technician', 'aditya.sharma@smc.gov.in', 26000, 8, 8, 'Operations'),
(17, 'Kavya Reddy', 'Water Quality Analyst', 'kavya.reddy@smc.gov.in', 41000, 3, 2, 'Quality Assurance'),
(18, 'Manish Kumar', 'Customer Service Rep', 'manish.kumar@smc.gov.in', 30000, 5, 1, 'Customer Service'),
(19, 'Swati Das', 'Operations Manager', 'swati.das@smc.gov.in', 47000, 2, 9, 'Management'),
(20, 'Nitin Vyas', 'Reservoir Inspector', 'nitin.vyas@smc.gov.in', 36000, 1, 10, 'Inspection'),
(21, 'Lila Pandey', 'Data Analyst', 'lila.pandey@smc.gov.in', 43000, 4, 6, 'Data Analysis'),
(22, 'Vishal Rao', 'Maintenance Supervisor', 'vishal.rao@smc.gov.in', 34000, 6, 4, 'Maintenance'),
(23, 'Rekha Sen', 'Safety Officer', 'rekha.sen@smc.gov.in', 38000, 7, 3, 'Safety'),
(24, 'Tarun Mishra', 'Pipeline Technician', 'tarun.mishra@smc.gov.in', 27000, 8, 5, 'Operations'),
(25, 'Shruti Bose', 'Customer Service Rep', 'shruti.bose@smc.gov.in', 31000, 3, 8, 'Customer Service'),
(26, 'Sanjay Kumar', 'Water Engineer', 'sanjay.kumar@amc.gov.in', 45000, 5, 7, 'Engineering'),
(27, 'Anjali Pandey', 'Maintenance Supervisor', 'anjali.pandey@amc.gov.in', 32000, 2, 4, 'Maintenance'),
(28, 'Rakesh Yadav', 'Billing Officer', 'rakesh.yadav@amc.gov.in', 38000, 1, 6, 'Finance'),
(29, 'Pooja Nair', 'Water Quality Analyst', 'pooja.nair@amc.gov.in', 40000, 4, 3, 'Quality Assurance'),
(30, 'Mohan Sharma', 'Pipeline Technician', 'mohan.sharma@amc.gov.in', 27000, 6, 8, 'Operations'),
(31, 'Lata Mishra', 'Operations Manager', 'lata.mishra@amc.gov.in', 48000, 7, 2, 'Management'),
(32, 'Vivek Chauhan', 'Reservoir Inspector', 'vivek.chauhan@amc.gov.in', 35000, 8, 5, 'Inspection'),
(33, 'Kavita Reddy', 'Customer Service Rep', 'kavita.reddy@amc.gov.in', 29000, 3, 1, 'Customer Service'),
(34, 'Nikhil Bose', 'Maintenance Technician', 'nikhil.bose@amc.gov.in', 31000, 5, 9, 'Maintenance'),
(35, 'Shalini Das', 'Data Analyst', 'shalini.das@amc.gov.in', 42000, 2, 10, 'Data Analysis'),
(36, 'Arvind Patel', 'Safety Officer', 'arvind.patel@amc.gov.in', 37000, 1, 4, 'Safety'),
(37, 'Deepa Verma', 'Logistics Coordinator', 'deepa.verma@amc.gov.in', 33000, 4, 6, 'Logistics'),
(38, 'Sunil Singh', 'Water Engineer', 'sunil.singh@amc.gov.in', 46000, 6, 7, 'Engineering'),
(39, 'Geeta Rao', 'Maintenance Technician', 'geeta.rao@amc.gov.in', 28000, 7, 3, 'Maintenance'),
(40, 'Ajay Thakur', 'Billing Officer', 'ajay.thakur@amc.gov.in', 39000, 8, 5, 'Finance'),
(41, 'Seema Kapoor', 'Water Quality Analyst', 'seema.kapoor@amc.gov.in', 41000, 3, 8, 'Quality Assurance'),
(42, 'Ravi Joshi', 'Pipeline Technician', 'ravi.joshi@amc.gov.in', 26000, 5, 2, 'Operations'),
(43, 'Preeti Sen', 'Customer Service Rep', 'preeti.sen@amc.gov.in', 30000, 2, 1, 'Customer Service'),
(44, 'Kunal Mehta', 'Operations Manager', 'kunal.mehta@amc.gov.in', 47000, 1, 9, 'Management'),
(45, 'Divya Gupta', 'Reservoir Inspector', 'divya.gupta@amc.gov.in', 36000, 4, 10, 'Inspection'),
(46, 'Amit Rathod', 'Data Analyst', 'amit.rathod@amc.gov.in', 43000, 6, 6, 'Data Analysis'),
(47, 'Suman Parmar', 'Maintenance Supervisor', 'suman.parmar@amc.gov.in', 34000, 7, 4, 'Maintenance'),
(48, 'Vinod Shah', 'Safety Officer', 'vinod.shah@amc.gov.in', 38000, 8, 3, 'Safety'),
(49, 'Tara Desai', 'Pipeline Technician', 'tara.desai@amc.gov.in', 27000, 3, 5, 'Operations'),
(50, 'Naveen Kumar', 'Customer Service Rep', 'naveen.kumar@amc.gov.in', 31000, 5, 8, 'Customer Service');